id,short_name,long_name,overall,potential,age,dob,height_cm,weight_kg,nation_position,nation_jersey_number,preferred_foot,weak_foot,skill_moves,international_reputation,pace,shooting,passing,dribbling,defending,physic,attacking_crossing,attacking_finishing,attacking_heading_accuracy,attacking_short_passing,attacking_volleys,skill_dribbling,skill_curve,skill_fk_accuracy,skill_long_passing,skill_ball_control,movement_acceleration,movement_sprint_speed,movement_agility,movement_reactions,movement_balance,power_shot_power,power_jumping,power_stamina,power_strength,power_long_shots,mentality_aggression,mentality_interceptions,mentality_positioning,mentality_vision,mentality_penalties,mentality_composure,defending_marking_awareness,defending_standing_tackle,defending_sliding_tackle,goalkeeping_diving,goalkeeping_handling,goalkeeping_kicking,goalkeeping_positioning,goalkeeping_reflexes,goalkeeping_speed,nation_flag_url
227246,L. Bronze,Lucia Roberta Tough Bronze,92,92,29,1991-10-28,171,67,RB,2,Right,3,3,5,86,61,70,81,89,84,78,60,88,84,35,79,39,45,63,85,87,86,73,93,82,69,84,94,82,65,78,89,57,58,53,80,90,88,89,10,14,16,8,15,,https://cdn.sofifa.com/flags/gb-eng.png
227316,W. Renard,Wéndèleine Thérèse Renard,92,92,30,1990-07-20,187,70,LCB,3,Right,2,2,5,68,70,62,73,91,88,25,70,94,83,41,69,49,58,78,85,69,67,56,84,44,85,94,77,93,63,88,88,70,55,60,80,90,93,91,7,14,17,11,15,,https://cdn.sofifa.com/flags/fr.png
233746,V. Miedema,Vivianne Miedema,92,93,24,1996-07-15,178,65,ST,9,Right,4,4,5,81,93,75,88,32,79,69,95,89,87,90,90,76,71,67,91,80,81,77,92,73,91,73,79,85,92,66,27,95,68,78,91,22,30,23,14,16,17,14,17,,https://cdn.sofifa.com/flags/nl.png
227125,S. Kerr,Samantha May Kerr,91,91,27,1993-09-10,167,55,ST,20,Right,4,4,5,87,90,72,91,39,80,74,94,92,79,82,90,76,63,70,94,89,85,93,90,82,92,89,87,78,86,75,24,95,61,72,92,36,38,23,7,12,8,16,13,,https://cdn.sofifa.com/flags/au.png
226301,A. Morgan,Alexandra Morgan Carrasco,90,90,31,1989-07-02,170,62,ST,13,Left,4,4,5,86,88,74,86,43,71,71,90,86,81,88,87,68,70,67,89,85,86,76,83,68,86,76,75,76,83,53,63,90,74,89,91,34,29,27,11,11,10,10,11,,https://cdn.sofifa.com/flags/us.png
226308,D. Marozsán,Dzsenifer Marozsán,90,90,29,1992-04-18,171,67,LDM,10,Right,4,5,5,82,86,90,89,55,76,89,81,61,92,88,90,93,94,84,92,84,81,80,89,79,89,61,82,75,90,74,71,84,91,93,89,51,46,53,8,10,15,9,12,,https://cdn.sofifa.com/flags/de.png
226328,M. Rapinoe,Megan Anna Rapinoe,90,90,35,1985-07-05,170,60,LW,15,Right,4,4,5,71,87,90,89,49,66,91,89,76,90,74,92,90,88,89,91,72,70,81,87,69,82,73,64,65,87,67,47,89,89,92,90,46,46,48,15,12,14,14,11,,https://cdn.sofifa.com/flags/us.png
226330,T. Heath,Tobin Powell Heath,90,90,33,1988-05-29,168,59,RW,17,Right,5,5,4,77,79,89,93,36,64,93,79,63,88,81,95,88,79,87,94,78,76,88,87,80,75,58,70,61,77,65,23,88,90,82,92,31,38,39,12,7,7,16,8,,https://cdn.sofifa.com/flags/us.png
227102,C. Hansen,Caroline Graham Hansen,90,91,26,1995-02-18,178,66,CAM,10,Right,4,4,4,87,83,86,89,45,75,88,86,75,87,82,92,86,77,84,90,86,88,85,87,75,79,68,84,74,82,66,24,86,85,80,84,45,50,46,17,11,15,13,9,,https://cdn.sofifa.com/flags/no.png
227318,A. Henry,Amandine Chantal Henry,90,90,31,1989-09-28,171,64,RDM,6,Right,3,4,5,74,78,79,80,88,88,63,78,72,89,56,77,63,65,85,88,75,73,74,91,64,81,77,89,88,84,90,89,68,79,75,83,93,90,84,11,13,15,14,7,,https://cdn.sofifa.com/flags/fr.png
226333,J. Ertz,Julie Beth Ertz,89,89,29,1992-04-06,170,59,CDM,8,Right,3,3,4,77,66,80,75,87,85,73,66,91,87,63,70,56,50,85,82,76,78,65,83,69,76,72,88,85,54,86,86,78,83,62,88,84,89,85,12,11,9,15,13,,https://cdn.sofifa.com/flags/us.png
226359,C. Sinclair,Christine Margaret Sinclair,89,89,38,1983-06-12,175,67,ST,12,Right,4,4,4,72,89,85,85,37,80,82,91,85,87,87,85,70,76,84,88,71,73,80,77,68,90,76,78,86,87,67,56,88,91,86,95,32,19,16,17,9,7,12,8,,https://cdn.sofifa.com/flags/ca.png
227331,E. Le Sommer,Eugénie Anne Claudine Le Sommer,89,89,32,1989-05-18,161,58,ST,9,Right,5,4,5,81,91,74,84,41,70,60,92,89,83,88,83,81,70,66,87,78,83,81,89,82,91,81,71,74,89,58,33,90,79,85,79,39,36,25,17,9,13,12,14,,https://cdn.sofifa.com/flags/fr.png
233748,L. Martens,Lieke Martens,89,89,28,1992-12-16,170,66,LW,11,Right,4,5,5,81,87,86,89,41,72,89,89,57,87,78,90,87,80,80,89,80,82,86,86,85,84,69,74,74,90,66,45,89,85,79,92,40,38,32,7,9,13,16,16,,https://cdn.sofifa.com/flags/nl.png
226177,B. Sauerbrunn,Rebecca Elizabeth Sauerbrunn,88,88,36,1985-06-06,170,64,LCB,4,Right,2,2,4,73,37,62,63,88,85,65,31,81,78,28,56,41,29,62,68,73,73,51,87,70,47,86,78,87,34,88,88,47,45,57,89,89,88,89,15,12,7,10,11,,https://cdn.sofifa.com/flags/us.png
226302,A. Popp,Alexandra Popp,88,88,30,1991-04-06,174,65,SUB,11,Right,5,4,4,82,87,77,81,48,85,74,87,90,85,85,83,73,73,67,84,83,81,71,88,70,87,91,82,86,86,84,55,90,74,87,78,35,52,23,12,14,13,7,14,,https://cdn.sofifa.com/flags/de.png
227255,F. Kirby,Francesca Kirby,88,88,28,1993-06-29,157,53,CAM,10,Right,3,4,4,87,88,76,88,50,62,63,90,70,81,80,91,48,60,76,88,90,85,80,86,93,88,74,69,64,85,45,35,88,89,82,76,61,45,39,13,9,12,16,16,,https://cdn.sofifa.com/flags/gb-eng.png
227192,Jenni Hermoso,Jennifer Hermoso Fuentes,87,87,31,1990-05-09,174,59,ST,10,Left,4,4,4,78,90,80,85,47,71,72,94,78,85,74,88,74,80,82,90,77,78,75,86,64,87,71,75,76,90,54,45,90,81,90,71,43,42,45,13,13,16,13,14,,https://cdn.sofifa.com/flags/es.png
227327,S. Däbritz,Sara Ilonka Däbritz,87,89,26,1995-02-15,171,59,LM,23,Left,5,4,3,82,79,83,87,69,72,78,81,46,89,62,89,65,57,85,90,86,79,84,82,73,74,55,85,77,87,47,81,83,85,53,79,61,78,64,13,14,16,11,16,,https://cdn.sofifa.com/flags/de.png
227350,A. Majri,Amel Majri,87,87,28,1993-01-25,164,54,LAM,10,Left,3,4,3,83,69,85,87,85,80,92,79,74,88,39,88,84,82,77,87,86,81,83,85,84,55,70,86,77,66,80,85,81,82,58,83,87,87,86,10,16,12,14,10,,https://cdn.sofifa.com/flags/fr.png
231432,L. Horan,Lindsey Michelle Horan,87,88,27,1994-05-26,175,67,LCM,9,Right,3,4,3,79,86,85,83,59,76,79,86,89,89,80,85,65,73,87,86,80,79,78,87,68,89,73,91,75,88,59,67,89,88,75,76,53,60,26,7,15,13,9,11,,https://cdn.sofifa.com/flags/us.png
245872,K. Little,Kim Alison Little,87,87,31,1990-06-29,162,58,CAM,8,Right,4,4,3,77,84,86,86,43,69,84,82,65,88,82,86,77,85,84,89,80,75,80,88,88,87,75,83,62,85,65,45,88,89,85,85,38,46,22,12,5,6,10,6,,https://cdn.sofifa.com/flags/gb-sct.png
226327,C. Press,Christen Annemarie Press,86,86,32,1988-12-29,170,59,SUB,23,Right,3,4,4,85,86,76,83,45,73,75,88,84,86,80,86,78,51,71,85,86,84,73,84,75,86,68,81,73,87,62,43,83,71,82,78,42,44,26,15,14,9,11,11,,https://cdn.sofifa.com/flags/us.png
226335,A. Naeher,Alyssa Michele Naeher,86,86,33,1988-04-20,175,60,GK,1,Right,2,1,3,,,,,,,17,13,16,23,12,16,14,15,38,15,43,46,61,86,56,60,66,45,43,14,28,23,13,14,42,49,18,19,20,86,78,80,85,89,44,https://cdn.sofifa.com/flags/us.png
226336,C. Dunn,Crystal Alyssia Dunn Soubrier,86,86,28,1992-07-03,157,55,LB,19,Right,5,4,3,83,76,80,81,83,63,83,76,80,85,75,79,80,67,77,83,85,82,78,84,90,75,53,83,50,76,75,83,81,76,80,77,84,83,84,12,13,9,8,16,,https://cdn.sofifa.com/flags/us.png
226338,S. Mewis,Samantha June Mewis,86,86,28,1992-10-09,180,63,RCM,3,Right,4,4,3,68,76,82,80,77,84,78,72,77,89,63,82,64,57,83,86,66,69,58,86,67,81,59,92,88,80,71,79,81,86,76,83,76,78,70,12,17,17,15,12,,https://cdn.sofifa.com/flags/us.png
226968,N. Fischer,Åsa Nilla Maria Fischer,86,86,36,1984-08-02,176,68,SUB,5,Right,2,2,4,48,44,66,58,86,82,59,28,89,80,27,53,69,86,76,57,46,49,57,82,57,66,54,63,93,65,86,86,25,37,54,82,82,88,89,11,8,15,10,12,,https://cdn.sofifa.com/flags/se.png
226975,C. Seger,Sara Caroline Seger,86,86,36,1985-03-19,176,62,LCM,17,Right,3,4,4,49,80,82,79,80,77,68,79,86,89,73,81,67,64,88,82,47,51,69,82,56,81,60,79,77,83,80,84,83,89,69,87,78,78,80,15,8,14,17,12,,https://cdn.sofifa.com/flags/se.png
227313,S. Bouhaddi,Sarah Bouhaddi,86,86,34,1986-10-17,175,69,SUB,16,Right,1,1,3,,,,,,,15,13,13,27,16,17,17,21,24,28,54,52,69,86,54,58,64,43,72,18,20,22,17,62,54,31,12,18,15,87,76,77,85,87,53,https://cdn.sofifa.com/flags/fr.png
226318,K. O'Hara,Kelley Maureen O'Hara,85,85,32,1988-08-04,165,58,RB,5,Right,2,3,4,81,65,69,79,83,71,81,65,72,80,58,78,59,33,66,78,80,82,84,79,79,73,60,73,75,64,62,81,53,50,58,86,84,85,85,14,11,15,12,8,,https://cdn.sofifa.com/flags/us.png
226358,S. Houghton,Stephanie Jayne Houghton Darby,85,85,33,1988-04-23,174,71,RCB,5,Right,3,2,4,58,63,63,66,85,83,50,59,86,72,45,64,63,75,70,67,57,59,55,86,67,74,90,74,86,67,84,85,50,52,71,78,85,86,84,11,9,15,12,7,,https://cdn.sofifa.com/flags/gb-eng.png
226998,M. Eriksson,Magdalena Lilly Eriksson,85,85,27,1993-09-08,172,66,LB,6,Left,3,2,4,76,33,76,71,84,83,82,25,78,85,44,68,59,55,83,73,76,76,72,84,74,41,80,87,83,27,78,81,62,57,54,74,85,85,86,7,17,12,10,9,,https://cdn.sofifa.com/flags/se.png
227203,Alexia Putellas,Alexia Putellas Segura,85,85,27,1994-02-04,175,66,LCM,11,Left,4,3,4,77,83,82,84,69,70,84,88,72,83,64,88,77,79,82,89,78,77,67,83,76,79,65,75,73,84,58,73,81,82,80,70,60,75,65,15,17,11,15,10,,https://cdn.sofifa.com/flags/es.png
232075,R. Lavelle,Rosemary Kathleen Lavelle,85,88,26,1995-05-14,163,52,SUB,16,Left,3,4,3,80,78,80,85,46,60,69,81,44,89,50,88,49,60,86,86,81,79,80,78,82,74,60,73,52,84,63,50,82,83,61,72,41,48,53,16,8,13,11,10,,https://cdn.sofifa.com/flags/us.png
233852,J. Groenen,Jackie Noëlle Groenen,85,86,26,1994-12-17,164,60,RCM,14,Right,4,4,3,82,68,85,87,68,76,80,69,54,91,67,86,71,69,85,88,85,80,86,86,90,65,80,85,72,67,74,77,77,89,58,87,64,70,68,13,11,7,16,7,,https://cdn.sofifa.com/flags/nl.png
242896,I. Engen,Ingrid Syrstad Engen,85,90,23,1998-04-29,177,65,LCM,14,Right,3,3,3,76,73,82,83,82,83,75,73,70,87,65,81,70,65,84,85,78,75,83,84,81,73,70,89,81,77,83,84,78,85,59,84,81,85,83,11,14,12,14,8,,https://cdn.sofifa.com/flags/no.png
226331,A. Harris,Ashlyn Michelle Harris,84,84,35,1985-10-19,175,60,SUB,18,Right,2,1,3,,,,,,,18,14,21,23,18,16,19,14,17,13,44,46,64,80,69,59,77,43,42,20,23,22,16,23,43,24,14,16,12,85,80,78,81,84,45,https://cdn.sofifa.com/flags/us.png
226987,K. Asllani,Kosovare Asllani,84,84,31,1989-07-29,166,57,CAM,9,Right,4,4,4,77,79,79,87,46,55,72,80,62,81,85,89,81,78,78,87,80,74,88,80,89,77,67,71,50,78,44,45,82,82,76,77,66,28,30,12,12,7,11,12,,https://cdn.sofifa.com/flags/se.png
227330,L. Benkarth,Laura Anna Benkarth,84,84,28,1992-10-14,173,68,GK,12,Right,3,1,2,,,,,,,10,7,14,25,12,8,13,12,17,12,39,50,42,79,44,64,73,43,75,9,26,11,9,48,21,66,15,11,12,85,85,85,82,81,43,https://cdn.sofifa.com/flags/de.png
227337,S. Huth,Svenja Anette Huth,84,84,30,1991-01-25,163,54,RM,9,Right,5,4,3,86,73,81,86,57,58,86,78,48,83,74,87,78,64,78,83,88,84,90,84,94,70,71,86,49,60,42,71,81,78,77,79,40,65,66,17,10,7,12,10,,https://cdn.sofifa.com/flags/de.png
227383,K. Buchanan,Kadeisha Buchanan,84,87,25,1995-11-05,170,65,RCB,3,Right,3,2,3,80,37,51,69,84,86,23,24,80,68,28,60,26,27,73,74,79,81,75,85,73,51,90,82,87,49,86,83,46,47,57,80,86,84,88,13,17,9,10,17,,https://cdn.sofifa.com/flags/ca.png
232202,D. Cascarino,Delphine Cascarino,84,89,24,1997-02-05,165,57,RAM,20,Right,2,4,2,94,72,76,86,27,56,82,80,36,83,70,86,46,37,75,87,95,93,93,73,94,65,48,76,54,67,39,31,77,75,54,74,28,24,20,14,16,12,15,11,,https://cdn.sofifa.com/flags/fr.png
233341,A. Erceg,Abby May Erceg,84,84,31,1989-11-20,177,68,LCB,8,Right,3,2,3,61,51,62,67,86,81,46,64,83,75,18,61,45,47,68,73,58,64,58,84,78,45,78,76,83,42,82,84,35,57,50,82,89,87,85,11,11,5,8,11,,https://cdn.sofifa.com/flags/nz.png
233364,S. Blackstenius,Emma Stina Blackstenius,84,89,25,1996-02-05,174,72,ST,11,Right,4,4,3,88,84,65,83,32,72,53,88,78,75,80,87,64,63,52,86,86,89,68,82,66,83,59,75,83,81,46,19,83,69,70,73,43,19,17,9,16,13,15,11,,https://cdn.sofifa.com/flags/se.png
233751,D. van de Donk,Daniëlle van de Donk,84,84,29,1991-08-05,160,54,LCM,10,Right,3,4,3,84,76,79,85,56,73,74,77,56,82,66,86,74,68,80,85,85,83,86,82,87,74,62,86,60,75,91,64,82,83,78,82,48,59,50,15,9,17,11,10,,https://cdn.sofifa.com/flags/nl.png
233837,L. Magull,Lina Maria Magull,84,85,26,1994-08-15,166,54,CAM,28,Right,3,4,3,85,78,84,86,57,68,79,82,60,89,74,87,78,74,85,88,87,84,86,84,87,70,64,85,62,77,65,74,78,85,76,75,45,60,48,8,13,15,7,15,,https://cdn.sofifa.com/flags/de.png
247788,G. Gwinn,Giulia Ronja Gwinn,84,90,21,1999-07-02,170,56,SUB,51,Right,3,4,2,86,71,80,84,64,65,83,81,67,83,75,88,78,49,81,79,87,85,88,81,85,62,67,77,62,57,55,64,83,79,61,76,59,68,68,5,8,10,15,5,,https://cdn.sofifa.com/flags/de.png
248717,L. Oberdorf,Lena Sophie Oberdorf,84,92,19,2001-12-19,174,55,LCB,6,Right,3,3,1,70,70,75,77,84,82,62,75,79,84,57,76,59,55,80,80,72,69,71,84,78,77,79,80,85,60,79,84,75,77,53,79,83,85,84,14,14,9,11,11,,https://cdn.sofifa.com/flags/de.png
226973,S. Jakobsson,Eva Sofia Jakobsson,83,83,31,1990-04-23,174,62,RW,10,Right,3,3,3,88,80,75,80,35,69,82,85,69,75,81,83,76,58,70,84,85,90,67,79,67,72,53,91,66,75,54,18,83,75,74,77,58,19,17,9,10,10,7,10,,https://cdn.sofifa.com/flags/se.png
226978,H. Lindahl,Rut Hedvig Lindahl,83,83,38,1983-04-29,179,74,GK,1,Right,3,1,3,,,,,,,18,16,14,23,14,17,13,17,16,20,47,44,36,85,68,60,72,44,57,15,24,24,17,60,25,70,29,17,16,87,73,80,74,89,46,https://cdn.sofifa.com/flags/se.png
227013,F. Rolfö,Fridolina Rolfö,83,83,27,1993-11-24,178,65,LW,18,Left,3,4,3,80,83,78,84,44,77,81,86,79,80,76,88,74,58,73,87,80,80,72,79,60,82,58,74,91,83,50,24,82,82,77,74,52,41,36,7,11,16,14,9,,https://cdn.sofifa.com/flags/se.png
227190,Irene Paredes,Irene Paredes Hernández,83,83,29,1991-07-04,177,62,RCB,4,Right,3,2,4,70,52,62,65,86,76,59,51,87,82,50,57,67,74,62,78,68,72,53,82,65,60,77,76,74,50,83,85,21,25,72,75,86,86,85,15,12,13,14,16,,https://cdn.sofifa.com/flags/es.png
227257,J. Nobbs,Jordan Nobbs,83,83,28,1992-12-08,160,54,RDM,8,Right,3,4,3,77,77,81,81,69,69,80,80,51,84,66,79,83,71,82,84,80,75,74,87,85,70,68,93,59,79,63,74,75,78,74,75,69,76,57,9,14,13,16,17,,https://cdn.sofifa.com/flags/gb-eng.png
227282,M. Mjelde,Maren Nævdal Mjelde,83,83,31,1989-11-06,166,63,RCB,6,Right,3,3,3,77,76,82,79,85,72,72,66,78,88,66,76,84,86,85,78,76,78,88,79,91,87,86,83,61,89,80,83,74,78,76,73,82,90,89,14,11,9,16,11,,https://cdn.sofifa.com/flags/no.png
227346,G. Mbock,Griedge Yinda Colette Mbock Bathy Nka,83,86,26,1995-02-26,172,64,RCB,19,Right,3,2,3,76,45,65,68,83,83,59,33,83,85,29,62,34,36,78,80,76,76,60,76,50,68,72,78,86,47,84,81,53,43,57,79,80,87,84,7,16,12,12,15,,https://cdn.sofifa.com/flags/fr.png
227361,K. Diani,Kadidiatou Diani,83,84,26,1995-04-01,168,64,SUB,11,Right,3,4,3,85,78,78,83,50,58,83,84,69,81,71,85,70,56,71,82,84,85,80,78,77,74,50,74,55,74,47,54,82,80,59,79,33,58,50,15,7,7,15,13,,https://cdn.sofifa.com/flags/fr.png
227405,S. Schmidt,Sophie Diana Schmidt,83,83,33,1988-06-28,172,71,SUB,13,Right,5,4,3,70,77,81,81,73,70,75,78,63,83,65,81,75,78,82,84,71,69,76,79,72,76,74,78,67,80,68,75,80,85,76,84,73,76,70,11,10,9,16,8,,https://cdn.sofifa.com/flags/ca.png
227466,K. Robles,Vaitiare Kenti Robles Salas,83,83,30,1991-02-15,161,59,RB,2,Right,2,3,3,80,61,72,74,82,81,78,48,64,74,60,71,82,78,71,76,83,78,74,80,80,69,77,92,78,77,75,82,61,60,76,72,84,84,83,10,11,10,12,11,,https://cdn.sofifa.com/flags/mx.png
232073,M. Pugh,Mallory Diane Pugh,83,90,23,1998-04-29,163,54,SUB,2,Right,3,4,3,88,79,75,84,33,56,79,82,67,81,70,84,67,67,64,86,87,88,77,82,93,75,62,74,48,79,54,43,82,75,75,72,24,28,25,12,11,15,16,17,,https://cdn.sofifa.com/flags/us.png
232077,A. Franch,Adrianna Nichole Franch,83,83,30,1990-11-12,175,68,SUB,21,Right,2,1,3,,,,,,,17,13,16,23,12,16,14,15,38,15,43,46,61,71,59,54,80,44,43,14,28,23,13,14,42,49,11,19,20,82,89,72,81,82,44,https://cdn.sofifa.com/flags/us.png
233747,S. Spitse,Sherida Spitse,83,83,31,1990-05-29,167,61,CDM,8,Right,4,3,3,66,74,86,75,76,75,86,62,60,87,78,69,90,87,89,80,65,66,69,78,85,86,62,80,75,86,70,88,64,79,87,88,75,75,70,16,16,7,8,11,,https://cdn.sofifa.com/flags/nl.png
235659,N. Parris,Nikita Josephine Parris,83,83,27,1994-03-10,164,59,RM,7,Right,4,4,3,90,78,76,85,58,62,73,84,68,80,67,85,58,57,69,87,91,89,86,82,83,76,68,77,60,71,45,53,79,84,71,73,68,53,41,11,12,10,17,7,,https://cdn.sofifa.com/flags/gb-eng.png
245205,Miri Couto,Débora Mariana Ruiz Couto,83,83,29,1992-02-29,168,65,RS,9,Left,5,4,1,87,83,79,89,28,70,74,84,71,81,85,91,86,84,66,88,88,86,88,86,87,78,74,87,64,83,62,30,87,85,85,85,17,28,15,11,14,12,15,13,,https://cdn.sofifa.com/flags/br.png
245206,Emanuelly Barni,Emanuelly Jade Gonçalves Barni,83,83,29,1992-02-29,163,58,LM,10,Left,4,4,1,89,76,80,83,27,64,84,70,45,81,67,85,80,78,78,79,86,91,85,82,84,83,58,90,54,81,59,34,81,74,79,82,18,25,24,14,10,15,7,14,,https://cdn.sofifa.com/flags/br.png
246272,M. Katoto,Marie-Antoinette Oda Katoto,83,91,22,1998-11-01,176,66,SUB,12,Right,4,4,3,85,84,70,82,20,61,69,86,85,83,83,83,71,52,55,84,86,85,79,81,73,84,67,59,76,82,26,11,82,62,74,70,15,10,15,14,12,11,14,8,,https://cdn.sofifa.com/flags/fr.png
226325,A. Krieger,Alexandra Blaire Krieger,82,82,36,1984-07-28,168,60,SUB,11,Right,3,4,3,76,62,77,74,79,79,80,55,81,80,62,74,67,66,76,79,75,76,54,82,74,78,63,80,78,60,83,80,55,77,73,80,79,78,79,14,7,8,14,11,,https://cdn.sofifa.com/flags/us.png
226354,M. Leupolz,Melanie Leupolz,82,82,27,1994-04-14,173,52,RDM,18,Right,3,4,3,83,76,83,84,73,71,81,79,69,88,75,86,80,70,84,85,85,82,82,82,80,75,60,79,69,69,69,70,79,79,73,78,82,71,64,15,15,11,12,8,,https://cdn.sofifa.com/flags/de.png
226375,K. Hendrich,Kathrin-Julia Hendrich,82,82,29,1992-04-06,174,55,SUB,5,Right,3,3,2,81,35,66,71,82,75,71,23,77,79,30,70,35,33,66,74,77,84,69,83,61,62,76,82,70,27,80,82,59,54,56,72,84,81,80,13,10,13,9,9,,https://cdn.sofifa.com/flags/de.png
226922,Wu Haiyan,吴海燕,82,82,28,1993-02-26,166,58,RCB,5,Right,4,2,2,75,53,71,71,81,78,70,54,79,80,43,64,61,59,69,76,76,75,75,84,76,65,79,77,78,38,80,83,64,64,63,74,81,81,82,7,14,15,13,9,,https://cdn.sofifa.com/flags/cn.png
227110,C. Foord,Caitlin Jade Foord,82,83,26,1994-11-11,165,61,LW,9,Right,3,4,3,89,77,74,82,68,66,82,82,45,75,66,80,70,60,61,86,92,87,79,68,88,72,87,94,62,71,37,74,88,78,70,81,65,76,62,12,16,12,12,13,,https://cdn.sofifa.com/flags/au.png
227119,S. Catley,Stephanie-Elise Catley,82,83,27,1994-01-26,171,60,LM,7,Left,2,3,3,76,67,71,72,78,76,74,73,68,74,56,72,69,52,79,69,79,74,66,80,74,64,77,87,75,62,66,84,70,61,54,82,80,75,79,14,8,15,9,8,,https://cdn.sofifa.com/flags/au.png
227270,E. White,Ellen Toni White Convery,82,82,32,1989-05-09,171,62,ST,9,Right,3,3,2,63,84,64,75,43,82,60,86,86,69,79,75,50,67,55,81,60,65,55,88,67,83,64,85,87,82,72,26,88,68,72,77,44,39,43,9,16,16,9,15,,https://cdn.sofifa.com/flags/gb-eng.png
227281,K. Minde,Kristine Minde,82,82,28,1992-08-08,169,64,SUB,17,Left,4,3,2,87,78,80,79,77,71,81,80,81,82,75,78,84,71,78,80,89,85,79,79,80,78,76,89,63,78,69,78,76,76,69,74,75,78,77,13,9,14,9,17,,https://cdn.sofifa.com/flags/no.png
227300,L. Maier,Leonie Rebekka Maier,82,82,28,1992-09-29,163,62,RB,4,Right,4,4,2,80,60,73,79,81,69,79,52,76,82,47,80,64,58,75,78,84,77,73,81,82,79,69,77,61,64,78,83,59,58,57,83,80,80,83,13,16,12,9,16,,https://cdn.sofifa.com/flags/de.png
227323,G. Reiten,Guro Reiten,82,82,26,1994-07-26,167,60,LM,16,Left,4,4,3,79,79,81,81,44,57,82,82,50,83,42,81,70,70,79,81,80,79,83,74,89,82,62,82,43,79,58,47,82,85,75,75,38,44,54,16,16,12,11,16,,https://cdn.sofifa.com/flags/no.png
227392,A. Lawrence,Ashley Elizabeth Marie Lawrence,82,85,26,1995-06-11,164,58,RB,10,Right,3,3,3,83,70,83,80,78,76,86,62,71,85,64,80,77,72,79,81,86,80,73,84,85,79,72,84,71,76,80,81,81,85,79,82,81,77,70,14,10,11,9,14,,https://cdn.sofifa.com/flags/ca.png
227410,D. Scott,Desiree Rose Marie Scott,82,82,33,1987-07-31,154,65,LDM,11,Right,3,3,3,67,51,72,72,79,84,63,42,68,85,28,68,32,38,78,76,68,67,63,74,82,69,68,84,83,58,90,80,60,74,55,80,80,83,74,13,17,16,10,15,,https://cdn.sofifa.com/flags/ca.png
233749,S. van Veenendaal,Sari van Veenendaal,82,82,31,1990-04-03,180,72,GK,1,Right,2,1,3,,,,,,,16,12,16,26,14,16,12,16,17,24,30,37,32,79,46,57,84,24,70,12,36,17,12,33,15,57,16,17,17,81,80,76,79,85,33,https://cdn.sofifa.com/flags/nl.png
236641,A. Dahlkemper,Abigail Lynn Dahlkemper,82,83,28,1993-05-13,170,54,RCB,7,Right,3,2,3,71,49,75,68,84,81,73,46,78,79,38,68,54,57,81,64,68,74,56,86,90,53,76,86,79,46,83,85,69,73,70,74,85,84,82,10,9,14,14,14,,https://cdn.sofifa.com/flags/us.png
238257,M. Bright,Millie Bright,82,84,27,1993-08-21,178,76,SUB,15,Right,4,2,2,57,46,63,63,83,86,50,45,87,76,35,59,30,45,70,70,51,61,44,78,58,55,71,75,93,38,85,79,38,60,65,76,86,83,82,11,12,12,8,16,,https://cdn.sofifa.com/flags/gb-eng.png
239345,L. Dallmann,Linda Dallmann,82,83,26,1994-09-02,158,51,SUB,16,Right,4,4,2,82,76,78,86,47,59,72,79,42,81,69,86,75,63,80,85,84,80,92,82,93,74,58,78,50,78,57,50,80,81,48,76,46,48,44,8,13,16,9,13,,https://cdn.sofifa.com/flags/de.png
240030,E. Carpenter,Ellie Madison Carpenter,82,91,21,2000-04-28,165,60,RCB,3,Right,3,3,2,85,46,73,76,77,79,79,45,67,78,34,73,59,32,82,80,86,84,70,84,78,60,72,84,77,36,78,79,60,65,43,84,77,80,77,9,17,15,11,14,,https://cdn.sofifa.com/flags/au.png
240714,J. Roord,Jill Jamie Roord,82,86,24,1997-04-22,175,63,RW,19,Right,4,4,3,69,80,81,83,53,67,84,83,67,85,80,84,77,77,77,86,72,66,76,83,70,73,56,76,72,79,44,57,85,78,78,82,59,46,34,11,14,13,9,10,,https://cdn.sofifa.com/flags/nl.png
245188,Jully Mutto,Júlia Maria Mutto Sampaio,82,82,33,1988-02-29,170,68,LCB,6,Right,3,2,1,72,39,58,64,84,80,38,20,84,71,30,61,68,33,70,64,71,72,64,81,63,58,84,78,79,67,82,85,22,50,45,83,84,85,83,6,9,6,9,7,,https://cdn.sofifa.com/flags/br.png
245193,Palomy Bastos,Paloma Isa Sá Bastos,82,82,33,1988-02-29,172,67,LS,7,Left,3,4,1,77,83,67,82,23,73,61,85,84,77,81,81,78,73,46,86,79,76,78,78,80,86,69,83,74,78,59,26,81,67,83,75,16,11,14,11,7,9,5,8,,https://cdn.sofifa.com/flags/br.png
247789,M. Frohms,Merle Frohms,82,85,26,1995-01-28,175,60,SUB,1,Right,3,1,2,,,,,,,9,8,10,28,7,8,11,10,29,20,40,57,61,80,44,56,79,29,71,7,20,18,7,31,18,44,6,9,11,83,79,74,81,81,47,https://cdn.sofifa.com/flags/de.png
248822,K. Bühl,Klara Bühl,82,89,20,2000-12-07,172,65,SUB,19,Right,4,4,1,82,83,75,84,24,62,74,85,76,80,73,84,71,62,74,86,81,83,85,81,75,83,69,62,71,82,40,20,81,74,72,73,18,17,14,9,6,13,14,9,,https://cdn.sofifa.com/flags/de.png
258310,A. Berger,Ann-Katrin Berger,82,83,30,1990-10-09,180,63,SUB,21,Right,3,1,2,,,,,,,8,7,15,24,6,11,12,11,20,14,37,49,38,80,32,58,60,29,67,6,19,10,9,39,14,58,9,10,10,85,83,77,76,80,42,https://cdn.sofifa.com/flags/de.png
227101,E. Haavi,Emilie Bosshard Haavi,81,81,29,1992-06-16,164,59,SUB,20,Right,3,3,2,93,62,80,82,66,65,89,59,71,79,64,81,82,71,77,80,91,94,92,73,92,63,85,83,55,61,64,69,78,75,64,84,60,69,66,11,15,14,8,8,,https://cdn.sofifa.com/flags/no.png
227118,L. Williams,Lydia Grace Yilkari Williams,81,81,33,1988-05-13,175,63,GK,1,Right,2,1,3,,,,,,,14,13,19,22,17,16,13,17,24,19,47,49,36,75,68,50,53,42,37,19,24,21,13,37,26,60,21,15,21,82,76,67,89,80,48,https://cdn.sofifa.com/flags/au.png
227776,Sandra Paños,Sandra Paños García-Villamil,81,83,28,1992-11-04,169,65,GK,13,Right,3,1,2,,,,,,,16,13,20,23,19,16,40,35,18,20,44,50,54,72,70,63,72,45,64,17,19,19,14,34,27,56,22,18,14,81,79,84,80,83,46,https://cdn.sofifa.com/flags/es.png
236479,Mapi León,María Pilar León Cebrián,81,86,26,1995-06-13,169,61,LCB,16,Left,3,2,3,72,39,70,65,83,73,80,35,79,81,20,52,54,71,60,80,73,72,70,80,70,44,63,68,72,42,82,83,54,53,55,63,81,85,86,12,8,11,14,12,,https://cdn.sofifa.com/flags/es.png
239791,H. Glas,Hanna Erica Maria Glas,81,81,28,1993-04-16,172,64,RB,4,Right,3,2,2,73,53,68,69,80,75,76,58,79,80,32,66,55,30,64,75,72,73,55,80,66,58,70,77,77,46,71,80,38,54,44,75,78,83,82,10,17,11,16,7,,https://cdn.sofifa.com/flags/se.png
244302,L. Schüller,Lea Schüller,81,87,23,1997-11-12,173,62,ST,7,Right,3,3,2,87,81,67,78,32,67,61,86,77,72,69,78,78,60,59,80,86,87,78,80,75,79,69,73,69,75,53,31,86,68,76,74,24,26,27,16,13,14,11,9,,https://cdn.sofifa.com/flags/de.png
245177,Letinha Lia,Letícia Lia Medeiros Resende,81,81,37,1984-02-29,170,66,LB,3,Left,3,4,1,81,52,70,80,77,74,83,42,59,78,70,83,83,40,72,79,84,78,77,79,75,63,63,88,68,58,75,78,72,48,38,80,79,78,81,14,13,15,8,14,,https://cdn.sofifa.com/flags/br.png
245194,Isinha Macapá,Íris Isabella Orsi da Silva,81,81,33,1988-02-29,164,57,RM,11,Left,5,4,1,89,55,79,81,29,58,85,49,57,78,48,78,85,53,80,80,90,88,90,83,90,64,60,84,44,48,60,40,86,78,78,84,17,27,21,10,11,5,6,8,,https://cdn.sofifa.com/flags/br.png
245199,Becky Saudera,Rebeca Lia Saudera Peixoto,81,81,29,1992-02-29,170,65,LCM,5,Right,2,3,1,66,66,72,69,78,80,56,54,48,83,66,66,58,57,81,71,64,67,68,80,71,80,84,86,72,77,89,84,64,68,66,81,80,82,79,15,10,12,13,5,,https://cdn.sofifa.com/flags/br.png
247791,S. Lohmann,Sydney Lohmann,81,89,21,2000-06-19,174,64,SUB,8,Right,3,3,1,70,79,77,80,75,76,65,82,68,84,58,81,60,52,82,83,68,71,75,81,68,81,69,76,80,80,68,78,82,81,61,76,78,74,73,13,9,13,13,11,,https://cdn.sofifa.com/flags/de.png
248715,M. Hegering,Marina Hegering,81,81,31,1990-04-17,170,59,RCB,3,Right,3,2,2,71,35,52,67,83,79,32,33,83,69,37,63,30,30,67,70,67,75,66,83,64,42,85,72,82,29,77,80,49,42,38,83,86,84,81,12,14,7,12,11,,https://cdn.sofifa.com/flags/de.png
261781,T. Wullaert,Tessa Wullaert,81,81,28,1993-03-19,168,60,LW,9,Right,4,4,3,84,81,79,81,26,67,79,84,74,81,79,82,74,78,74,81,82,85,81,81,77,76,73,72,72,81,46,22,84,80,81,83,21,19,18,13,7,11,11,10,,https://cdn.sofifa.com/flags/be.png
226360,Wang Shuang,王霜,80,83,26,1995-01-23,165,59,SUB,7,Left,4,3,3,86,79,74,81,43,69,68,80,77,79,77,82,73,69,72,83,88,85,79,79,79,78,58,69,75,79,57,40,79,75,73,67,44,36,33,15,16,7,17,11,,https://cdn.sofifa.com/flags/cn.png
226960,Tang Jiali,唐佳丽,80,82,26,1995-03-16,166,52,RS,18,Right,3,3,1,82,79,73,78,57,73,78,82,80,78,75,80,75,74,69,78,81,83,73,79,72,77,57,68,79,79,68,57,80,60,63,67,44,65,49,8,15,15,10,17,,https://cdn.sofifa.com/flags/cn.png
227112,E. Kellond-Knight,Elise Kellond-Knight,80,80,30,1990-08-10,165,60,SUB,8,Left,4,3,3,71,51,77,69,82,79,73,36,72,79,31,64,78,72,75,75,70,71,67,76,76,69,80,72,84,62,74,90,61,78,72,75,87,76,74,9,15,9,8,11,,https://cdn.sofifa.com/flags/au.png
227241,K. Bardsley,Karen Louise Bardsley,80,80,36,1984-10-14,182,72,SUB,13,Right,3,1,3,,,,,,,29,14,23,31,13,28,29,24,36,32,41,39,31,82,56,60,64,45,59,16,20,18,14,13,43,56,30,19,17,76,79,80,85,76,40,https://cdn.sofifa.com/flags/gb-eng.png
227254,A. Greenwood,Alex Greenwood,80,80,27,1993-09-07,168,62,LB,3,Left,3,2,2,69,43,65,67,80,76,84,29,76,74,43,62,60,66,60,75,68,70,54,83,66,56,75,78,76,60,74,78,47,37,54,71,78,84,81,12,10,12,15,14,,https://cdn.sofifa.com/flags/gb-eng.png
227262,J. Scott,Jill Louise Scott,80,80,34,1987-02-02,182,68,SUB,16,Right,3,4,3,59,73,71,75,78,87,50,72,85,82,54,78,49,43,76,80,57,61,49,91,46,78,74,90,92,75,73,73,77,79,65,75,76,83,67,10,15,12,17,9,,https://cdn.sofifa.com/flags/gb-eng.png
227269,C. Telford,Carly Mitchell Telford,80,80,33,1987-07-07,174,64,SUB,23,Right,3,1,1,,,,,,,19,12,17,48,19,16,16,12,40,39,50,42,38,77,60,69,54,38,49,19,20,22,13,18,38,31,28,19,14,71,90,92,78,76,47,https://cdn.sofifa.com/flags/gb-eng.png
227381,J. Beckie,Janine Elizabeth Beckie,80,80,26,1994-08-20,173,63,LM,16,Right,3,3,2,90,73,74,78,22,62,77,74,64,76,68,78,72,58,73,78,91,89,78,77,84,68,71,75,65,75,34,20,86,71,67,70,17,15,17,8,10,10,7,13,,https://cdn.sofifa.com/flags/ca.png
227391,S. Labbé,Stephanie Lynn Marie Labbé,80,80,34,1986-10-10,178,64,GK,1,Right,2,1,2,,,,,,,18,17,18,23,20,15,20,12,18,25,44,42,41,79,54,55,64,43,52,15,23,18,16,16,31,23,15,20,12,80,77,73,78,83,43,https://cdn.sofifa.com/flags/ca.png
231347,M. Torrent,Marion Torrent,80,80,29,1992-04-17,164,53,RB,4,Right,3,3,2,68,53,69,72,79,68,81,44,67,78,40,69,44,48,74,77,70,66,67,78,86,67,58,74,66,61,66,81,57,50,50,62,79,82,81,13,10,8,13,16,,https://cdn.sofifa.com/flags/fr.png
232074,E. Sonnett,Emily Ann Sonnett,80,81,27,1993-11-25,170,68,SUB,14,Right,2,3,1,76,59,75,72,78,78,70,46,68,80,59,72,66,65,76,74,77,75,57,84,86,74,68,88,72,67,81,79,69,74,64,64,81,75,81,14,8,12,12,10,,https://cdn.sofifa.com/flags/us.png
233343,A. Riley,Alexandra Lowe Riley,80,80,33,1987-10-30,164,54,LB,7,Left,3,4,3,79,75,79,79,76,74,87,77,70,77,65,79,81,79,78,81,78,79,73,82,72,72,61,77,76,75,67,80,78,77,81,73,76,75,76,11,13,8,13,8,,https://cdn.sofifa.com/flags/nz.png
233755,S. van der Gragt,Stefanie van der Gragt,80,80,28,1992-08-16,178,70,LCB,3,Left,2,2,2,62,53,66,57,81,84,60,50,85,72,30,54,54,36,73,63,54,68,46,72,44,70,74,70,91,54,88,73,34,65,46,74,81,82,86,7,9,15,13,15,,https://cdn.sofifa.com/flags/nl.png
233838,F. Rauch,Felicitas Rauch,80,85,25,1996-04-30,167,61,LB,17,Left,3,3,1,83,51,65,74,78,71,75,41,70,76,41,70,52,60,53,76,84,83,80,77,84,69,78,82,66,48,70,79,69,50,73,64,77,80,78,17,15,16,13,9,,https://cdn.sofifa.com/flags/de.png
235657,R. Daly,Rachel Ann Daly,80,80,29,1991-12-06,168,67,SUB,17,Right,3,3,3,79,78,72,78,63,70,79,79,69,77,75,80,53,46,67,81,80,79,70,81,68,80,73,81,70,75,54,52,80,73,66,70,63,68,65,12,9,14,9,17,,https://cdn.sofifa.com/flags/gb-eng.png
237197,G. Geyoro,Onema Grace Geyoro,80,89,23,1997-07-02,166,60,LDM,8,Right,2,3,2,75,52,71,76,78,67,52,55,64,83,35,74,47,44,81,83,74,75,67,74,81,53,57,76,64,51,68,77,47,75,50,62,77,84,82,13,16,16,14,11,,https://cdn.sofifa.com/flags/fr.png
237673,K. Sheridan,Kailen Mary Iacovoni Sheridan,80,83,25,1995-07-16,176,72,SUB,18,Right,2,1,1,,,,,,,13,10,17,29,11,14,13,15,26,17,18,30,46,79,46,56,53,38,33,17,26,13,7,29,25,33,18,14,13,82,80,74,73,80,23,https://cdn.sofifa.com/flags/ca.png
240717,L. Beerensteyn,Lineth Enid Fabienne Beerensteyn,80,84,24,1996-10-11,161,62,SUB,21,Right,2,4,2,90,73,69,84,52,73,74,75,68,70,65,85,72,47,64,82,91,90,82,84,88,71,57,77,77,74,63,48,82,69,64,77,52,52,45,14,16,16,13,16,,https://cdn.sofifa.com/flags/nl.png
243415,Peng Shimeng,彭诗梦,80,85,23,1998-05-12,182,70,GK,12,Right,1,1,2,,,,,,,18,18,14,32,14,24,19,18,30,30,45,52,35,79,70,57,68,38,53,20,23,22,18,68,24,61,30,21,23,80,77,76,80,78,48,https://cdn.sofifa.com/flags/cn.png
245197,Julininha Ruiz,Júlia Bárbara Ruiz Gomes,80,80,29,1992-02-29,171,65,GK,1,Right,2,1,1,,,,,,,11,5,14,25,7,9,11,14,19,13,48,52,60,78,53,56,68,34,49,9,26,22,8,57,12,67,22,13,11,82,75,74,73,86,50,https://cdn.sofifa.com/flags/br.png
245204,Karole Pombal,Karen Isa Pombal Trigo,80,80,29,1992-02-29,165,59,RCM,8,Right,4,4,1,76,69,75,81,27,47,65,77,45,83,43,86,45,50,81,82,78,75,70,77,76,53,58,50,48,73,38,20,75,81,62,60,28,25,27,7,11,12,12,9,,https://cdn.sofifa.com/flags/br.png
261773,L. Freigang,Laura Freigang,80,85,23,1998-02-11,172,64,SUB,14,Right,3,3,1,79,81,53,75,23,61,35,86,77,72,78,74,60,51,44,78,77,80,64,82,76,79,72,64,67,75,40,16,85,45,72,77,17,19,15,8,10,13,5,14,,https://cdn.sofifa.com/flags/de.png
261785,J. Cayman,Janice Cayman,80,80,32,1988-10-12,167,61,RW,11,Right,4,4,2,79,80,76,81,53,67,76,82,74,78,72,80,74,78,69,83,78,80,79,82,75,77,74,73,70,79,52,57,82,79,75,84,47,52,47,10,14,13,12,8,,https://cdn.sofifa.com/flags/be.png
226911,Liu Shanshan,刘杉杉,79,79,29,1992-03-16,169,65,SUB,2,Left,3,3,2,77,42,68,70,77,75,72,37,75,73,38,64,46,45,73,72,73,81,77,81,70,45,74,81,70,43,78,80,67,61,51,83,76,78,74,12,7,16,9,8,,https://cdn.sofifa.com/flags/cn.png
227113,E. van Egmond,Emily Louise van Egmond,79,79,27,1993-07-12,179,70,LCM,10,Right,3,4,3,62,72,76,72,70,83,71,66,76,75,63,72,78,78,80,77,62,62,59,86,44,81,61,87,86,75,74,73,82,80,85,87,69,69,64,11,14,9,15,16,,https://cdn.sofifa.com/flags/au.png
227137,H. Raso,Hayley Emma Raso,79,79,26,1994-09-05,162,59,RM,16,Right,3,3,2,93,74,67,83,33,63,65,82,36,69,64,85,66,51,64,84,95,92,82,60,82,72,66,82,45,62,82,42,83,73,68,76,26,37,23,16,15,10,13,14,,https://cdn.sofifa.com/flags/au.png
227264,D. Stokes,Demi Lee Courtney Stokes,79,79,29,1991-12-12,158,56,SUB,12,Left,3,3,3,92,39,62,74,77,78,69,30,69,69,29,75,43,49,56,73,94,90,73,77,80,40,73,89,77,56,68,76,44,54,60,73,78,79,73,11,12,16,12,8,,https://cdn.sofifa.com/flags/gb-eng.png
227452,S. Mayor,Sandra Stephany Mayor Gutierrez,79,79,29,1991-09-23,162,58,RM,10,Right,4,4,2,78,77,76,82,37,62,75,80,46,78,60,82,75,70,72,84,80,77,80,76,81,78,83,79,56,75,50,46,76,77,68,85,46,23,21,11,10,12,11,13,,https://cdn.sofifa.com/flags/mx.png
233338,R. Percival,Ria Dawn Percival,79,79,31,1989-12-07,161,57,RB,2,Right,3,4,2,74,65,80,76,78,60,84,74,76,81,27,75,80,81,81,76,75,73,71,79,84,57,57,58,54,59,80,81,74,75,68,74,79,76,77,17,14,14,12,12,,https://cdn.sofifa.com/flags/nz.png
233752,S. van de Sanden,Shanice Janice van de Sanden,79,79,28,1992-10-02,168,65,SUB,7,Right,2,4,3,94,70,71,77,39,77,78,72,70,74,62,77,64,46,61,75,93,94,85,79,82,69,79,72,77,69,82,34,82,72,49,72,37,39,27,9,13,16,10,9,,https://cdn.sofifa.com/flags/nl.png
233756,D. Janssen,Dominique Johanna Anna Petrone Janssen,79,80,26,1995-01-17,174,67,RB,20,Right,5,3,3,77,68,75,76,79,80,73,61,76,79,47,75,74,75,73,79,75,78,73,81,68,77,75,88,78,75,77,80,74,74,72,78,80,79,79,17,15,16,15,16,,https://cdn.sofifa.com/flags/nl.png
236428,E. Perisset,Ève Josette Noelle Périsset,79,81,26,1994-12-24,160,55,SUB,2,Right,2,3,1,77,46,72,75,77,72,85,44,49,86,32,74,36,35,77,78,80,74,77,64,84,54,64,75,72,46,72,74,50,50,50,65,82,84,78,8,16,15,17,16,,https://cdn.sofifa.com/flags/fr.png
242830,K. Walsh,Keira Fae Walsh,79,88,24,1997-04-08,168,67,SUB,14,Right,3,3,2,79,40,75,76,73,78,67,38,55,84,40,73,53,48,80,80,83,75,73,82,71,45,70,85,76,33,76,67,51,76,54,77,82,75,71,16,9,10,8,8,,https://cdn.sofifa.com/flags/gb-eng.png
243403,C. Emslie,Claire Emslie,79,79,27,1994-03-08,174,68,RM,18,Right,3,4,3,79,72,74,78,34,65,80,78,69,83,60,81,48,55,68,82,82,76,65,77,70,72,73,78,70,65,32,22,68,69,70,70,42,25,23,13,7,7,6,8,,https://cdn.sofifa.com/flags/gb-sct.png
245186,Bianca Revelia,Bianca Rebeca Dias Ribeiro,79,79,33,1988-02-29,157,53,RB,4,Right,3,3,1,85,44,71,77,75,68,79,38,68,76,33,75,78,39,63,78,83,86,86,73,78,57,76,78,57,43,80,77,69,64,39,77,75,76,73,9,7,8,5,9,,https://cdn.sofifa.com/flags/br.png
245202,Becky Redela,Rebeca Maria Jasper Redela,79,79,29,1992-02-29,172,70,RCB,2,Right,2,2,1,59,34,51,57,82,80,42,26,79,66,32,54,43,26,50,58,56,62,48,76,54,45,65,73,82,38,87,81,18,42,58,75,82,86,78,8,12,8,11,10,,https://cdn.sofifa.com/flags/br.png
245873,J. Beattie,Jennifer Patricia Beattie,79,79,30,1991-05-13,177,69,LCB,5,Right,3,3,2,67,70,53,66,81,74,42,75,78,79,49,62,38,56,40,72,65,68,63,78,61,72,74,68,75,68,80,82,61,33,64,59,83,79,77,13,8,10,7,12,,https://cdn.sofifa.com/flags/gb-sct.png
245879,C. Weir,Caroline Elspeth Lillias Weir,79,82,26,1995-06-20,172,60,LDM,9,Left,3,3,3,69,73,73,76,73,57,42,75,60,80,54,78,72,78,79,79,68,69,58,77,88,73,52,78,45,74,62,70,75,84,61,70,76,78,63,13,14,8,8,15,,https://cdn.sofifa.com/flags/gb-sct.png
261789,T. De Caigny,Tine De Caigny,79,84,24,1997-06-09,175,62,ST,6,Right,3,3,1,78,81,65,74,32,71,52,84,80,72,79,73,67,62,62,78,72,82,67,73,62,78,70,72,80,76,45,32,83,68,81,83,26,27,16,9,14,8,8,14,,https://cdn.sofifa.com/flags/be.png
226915,Li Ying,李影,78,78,28,1993-01-07,170,61,LM,10,Left,3,3,2,79,80,74,77,38,73,71,81,69,75,77,79,72,70,72,74,80,78,72,80,73,87,74,72,74,74,70,30,81,78,78,79,42,31,27,8,15,13,12,10,,https://cdn.sofifa.com/flags/cn.png
226940,Ma Jun,马君,78,78,32,1989-03-06,173,55,LCM,8,Right,3,3,2,79,71,70,75,74,71,43,74,72,79,45,75,69,58,78,78,78,80,73,79,72,69,79,80,71,73,59,80,74,76,67,68,64,79,75,17,8,16,7,12,,https://cdn.sofifa.com/flags/cn.png
226979,A. Ilestedt,Amanda Ilestedt,78,79,28,1993-01-17,178,65,RCB,13,Right,3,2,2,78,36,54,53,78,80,42,34,80,68,28,42,28,52,59,64,76,80,46,76,48,48,61,72,85,30,81,77,26,45,55,79,75,82,78,15,9,9,7,14,,https://cdn.sofifa.com/flags/se.png
227109,A. Kennedy,Alanna Stephanie Kennedy,78,81,26,1995-01-21,176,63,LCB,5,Right,3,2,3,61,62,66,62,80,81,30,62,81,76,40,57,77,82,77,75,61,61,40,67,41,65,55,82,86,64,75,79,59,70,69,81,79,81,78,10,10,10,16,13,,https://cdn.sofifa.com/flags/au.png
227115,K. Gorry,Katrina-Lee Gorry,78,78,28,1992-08-13,154,54,SUB,19,Right,4,4,3,75,71,76,81,65,58,64,67,31,79,62,78,74,78,73,82,80,71,86,79,94,76,66,67,42,78,86,69,80,84,61,81,72,68,59,15,17,10,7,15,,https://cdn.sofifa.com/flags/au.png
227193,Marta Corredera,Marta Corredera Rueda,78,78,29,1991-08-08,162,59,RB,7,Right,3,4,2,81,71,73,76,73,62,76,71,75,72,69,75,71,72,68,77,80,81,76,72,76,71,60,77,65,70,37,73,76,78,71,73,74,72,72,7,17,15,17,8,,https://cdn.sofifa.com/flags/es.png
227387,J. Fleming,Jessie Alexandra Fleming,78,84,23,1998-03-11,165,53,CAM,17,Right,4,3,1,74,71,69,80,66,56,49,71,46,84,43,81,31,30,78,80,75,73,71,76,95,74,44,82,39,77,71,70,78,74,57,71,68,69,59,9,8,6,9,10,,https://cdn.sofifa.com/flags/ca.png
227775,Amanda Sampedro,Amanda Sampedro Bustos,78,78,28,1993-06-26,161,55,SUB,19,Right,4,3,3,79,75,77,78,72,71,77,76,48,77,59,77,74,78,78,80,78,80,79,75,81,74,63,81,75,78,50,74,73,77,73,67,80,74,58,14,8,9,16,10,,https://cdn.sofifa.com/flags/es.png
233337,E. Nayler,Erin Nicole Nayler,78,79,29,1992-04-17,175,68,GK,1,Right,3,1,2,,,,,,,18,14,15,24,12,17,14,17,22,13,25,31,50,81,54,54,61,40,47,17,22,12,13,42,20,55,16,14,15,78,73,72,75,81,27,https://cdn.sofifa.com/flags/nz.png
233662,S. Karchaoui,Sakina Karchaoui,78,82,25,1996-01-26,160,55,LB,7,Left,2,4,1,85,47,74,79,74,54,81,36,49,79,50,79,56,33,75,78,88,82,86,70,84,58,58,65,42,55,68,74,62,70,49,71,76,80,77,9,14,16,14,10,,https://cdn.sofifa.com/flags/fr.png
233757,M. van Dongen,Merel Didi van Dongen,78,78,28,1993-02-11,170,64,LB,4,Left,2,3,2,65,54,71,74,77,79,76,44,75,73,63,68,73,74,78,83,64,65,70,75,77,74,75,87,75,51,79,73,47,57,67,73,78,76,82,15,10,17,15,17,,https://cdn.sofifa.com/flags/nl.png
233854,A. Dekker,Marieke Anouk Dekker,78,78,34,1986-11-15,182,70,SUB,6,Right,2,2,2,50,65,71,63,81,85,67,60,82,77,52,64,66,58,76,65,44,55,46,68,46,82,68,76,93,64,78,82,67,66,63,84,83,80,77,13,16,10,17,8,,https://cdn.sofifa.com/flags/nl.png
237289,Patri Guijarro,Patricia Guijarro Gutiérrez,78,86,23,1998-05-17,170,64,CM,12,Right,3,3,2,71,78,74,77,72,65,69,81,71,78,41,78,40,61,79,80,69,72,71,75,79,78,71,74,66,83,48,69,74,79,75,64,73,77,62,14,8,9,17,17,,https://cdn.sofifa.com/flags/es.png
243379,Z. Mušović,Zećira Mušović,78,84,25,1996-05-26,178,66,SUB,22,Right,2,1,1,,,,,,,16,9,25,28,15,14,13,13,30,40,28,24,37,73,47,59,71,22,37,10,22,8,7,48,19,54,19,24,20,80,82,78,76,74,26,https://cdn.sofifa.com/flags/se.png
243404,G. Stanway,Georgia Marie Stanway,78,89,22,1999-01-03,162,58,LDM,4,Right,4,4,2,83,73,77,76,35,57,66,74,47,82,68,74,67,75,80,77,84,82,82,76,83,70,69,83,48,72,44,26,75,82,78,69,57,19,23,12,8,15,10,8,,https://cdn.sofifa.com/flags/gb-eng.png
245802,B. Mead,Bethany Jane Mead,78,79,26,1995-05-09,163,59,SUB,19,Right,3,3,2,82,77,69,79,33,63,75,78,67,69,70,81,71,39,68,79,83,81,68,78,84,78,66,83,65,77,31,29,77,73,74,81,21,37,34,11,15,17,16,10,,https://cdn.sofifa.com/flags/gb-eng.png
245882,E. Cuthbert,Erin Jacqueline Cuthbert,78,87,22,1998-07-19,159,60,ST,22,Right,3,4,3,79,78,67,76,23,58,66,80,78,75,68,76,76,69,53,77,77,80,62,82,87,77,68,78,60,77,26,13,82,61,75,77,12,22,23,12,7,5,7,14,,https://cdn.sofifa.com/flags/gb-sct.png
246426,L. Williamson,Leah Cathrine Williamson,78,83,24,1997-03-29,170,65,LCB,6,Right,3,2,1,66,47,57,60,79,71,48,46,78,75,45,49,37,35,68,70,64,68,54,84,73,48,82,65,69,51,80,83,31,36,52,67,79,77,77,13,13,11,9,8,,https://cdn.sofifa.com/flags/gb-eng.png
226917,Wang Shanshan,王珊珊,77,77,31,1990-01-27,169,57,LS,11,Left,4,4,2,80,76,75,77,61,73,77,82,80,74,66,77,76,78,73,78,82,79,77,78,70,72,72,71,75,68,71,60,77,76,71,83,40,72,69,15,15,16,9,10,,https://cdn.sofifa.com/flags/cn.png
226932,Zhang Xin,张馨,77,77,29,1992-05-23,170,56,RM,6,Left,4,3,1,75,60,75,74,47,55,78,76,40,76,34,76,69,67,74,78,73,77,67,77,50,40,47,70,52,46,46,50,75,74,59,58,42,58,32,6,9,9,14,14,,https://cdn.sofifa.com/flags/cn.png
226985,O. Schough,Olivia Alma Charlotta Schough,77,77,30,1991-03-11,172,60,SUB,15,Right,3,4,2,85,75,72,77,41,73,78,78,70,72,70,79,74,54,65,80,86,84,73,71,61,76,73,79,78,72,52,28,71,76,74,75,44,39,37,13,15,12,10,11,,https://cdn.sofifa.com/flags/se.png
226988,E. Rubensson,Elin Ingrid Johanna Rubensson,77,77,28,1993-05-11,166,60,SUB,23,Right,2,3,2,85,53,73,79,77,68,70,53,64,76,50,76,63,57,75,80,83,87,87,74,89,47,81,80,56,53,79,74,73,74,55,78,80,78,79,15,12,10,8,9,,https://cdn.sofifa.com/flags/se.png
227111,C. Polkinghorne,Clare Elizabeth Polkinghorne,77,77,32,1989-02-01,171,67,CB,4,Right,3,2,3,59,34,62,57,76,79,37,27,80,77,42,48,29,27,72,61,57,60,48,77,71,46,79,72,85,28,72,70,46,68,51,88,72,82,79,16,13,15,9,13,,https://cdn.sofifa.com/flags/au.png
227120,T. Yallop,Tameka Yallop,77,77,30,1991-06-16,158,55,RCM,13,Right,3,3,2,71,68,77,76,61,75,75,67,56,79,73,71,65,66,80,82,68,74,77,78,68,61,77,78,74,72,72,57,81,79,71,83,56,70,58,16,8,16,15,15,,https://cdn.sofifa.com/flags/au.png
227195,Virginia Torrecilla,Virginia Torrecilla Reyes,77,80,26,1994-09-04,174,63,SUB,14,Right,3,3,2,70,65,74,72,74,66,70,61,56,80,48,73,60,52,79,78,68,71,54,73,69,65,66,70,63,78,66,75,72,73,55,67,77,76,77,11,8,11,14,8,,https://cdn.sofifa.com/flags/es.png
227201,Vicky Losada,María Victoria Losada Gómez,77,77,30,1991-03-05,168,60,SUB,6,Right,3,3,3,74,74,72,74,69,72,51,77,68,76,70,73,77,76,75,78,76,73,70,77,75,71,73,74,75,75,63,74,78,81,60,72,62,73,67,12,11,11,14,14,,https://cdn.sofifa.com/flags/es.png
227368,C. Fiskerstrand,Cecilie Hauståker Fiskerstrand,77,81,25,1996-03-20,174,66,GK,1,Right,1,1,2,,,,,,,14,14,14,23,16,16,18,15,17,22,53,51,56,72,54,53,64,43,58,17,17,23,16,58,22,70,17,20,17,79,74,71,73,80,52,https://cdn.sofifa.com/flags/no.png
227400,E. McLeod,Erin Katrina McLeod,77,77,38,1983-02-26,173,73,SUB,20,Right,2,1,3,,,,,,,15,15,16,23,12,19,15,15,21,18,39,40,62,65,63,57,50,38,51,17,19,22,20,13,29,23,14,14,18,76,74,76,75,76,39,https://cdn.sofifa.com/flags/ca.png
233350,K. Bowen,Kate Elizabeth Bowen,77,78,27,1994-04-15,170,56,RCM,14,Right,3,4,2,79,59,78,75,71,70,80,59,64,79,49,73,59,55,79,77,78,79,72,78,87,58,73,82,66,60,65,74,72,83,56,77,70,72,73,14,9,9,10,11,,https://cdn.sofifa.com/flags/nz.png
235585,J. Andersson,Jonna Ann-Charlotte Andersson,77,77,28,1993-01-02,167,64,SUB,2,Left,3,3,1,84,45,63,73,73,64,78,42,61,70,35,72,54,26,69,71,83,85,77,67,85,54,78,76,53,47,71,72,45,44,33,75,70,80,77,13,16,15,15,16,,https://cdn.sofifa.com/flags/se.png
236642,C. Krueger,Casey Marie Krueger,77,77,30,1990-08-23,173,58,SUB,20,Right,3,3,1,79,65,70,71,75,78,69,58,73,75,58,70,62,61,72,73,80,79,58,76,87,76,78,78,76,69,82,77,71,66,65,72,75,75,74,15,9,16,16,16,,https://cdn.sofifa.com/flags/us.png
237288,Mariona,María Francesca Caldentey Oliver,77,80,25,1996-03-19,164,61,LW,8,Right,4,3,2,68,74,76,79,48,67,75,80,47,79,56,83,54,72,74,82,70,67,60,72,92,60,66,65,74,77,52,41,74,78,79,64,67,36,40,13,8,11,11,9,,https://cdn.sofifa.com/flags/es.png
241667,Aitana Bonmatí,Aitana Bonmatí Conca,77,85,23,1998-01-18,161,51,RCM,23,Right,3,4,1,72,72,74,78,61,61,67,79,61,81,50,80,66,51,79,81,73,71,70,65,81,51,73,69,64,84,42,60,80,74,60,63,59,67,54,9,15,11,12,14,,https://cdn.sofifa.com/flags/es.png
242895,V. Risa,Vilde Bøe Risa,77,80,25,1995-07-13,164,67,RCM,8,Right,3,3,2,69,69,77,75,64,65,71,66,43,82,60,75,68,61,79,79,70,68,65,72,78,75,61,81,65,75,45,65,73,81,49,71,66,70,59,13,13,11,13,13,,https://cdn.sofifa.com/flags/no.png
243419,Lin Yuping,林宇萍,77,77,29,1992-02-28,180,63,LCB,3,Right,3,2,2,79,49,68,64,78,76,50,46,80,78,51,50,69,67,72,77,77,80,75,77,77,50,77,80,75,48,74,79,61,65,65,70,75,78,79,16,10,8,12,17,,https://cdn.sofifa.com/flags/cn.png
245196,Melinda Goiás,Melinda Marina Regalo Gonçalves,77,77,29,1992-02-29,164,56,SUB,13,Right,3,4,1,79,71,74,75,29,62,76,70,42,75,64,79,78,68,70,74,76,81,56,78,83,73,44,75,60,70,54,17,78,74,73,80,27,35,32,11,7,12,8,9,,https://cdn.sofifa.com/flags/br.png
245876,E. Mitchell,Emma Mitchell,77,77,28,1992-09-19,165,59,SUB,17,Left,3,3,2,77,40,61,70,74,68,76,42,57,66,18,65,43,45,48,75,75,79,70,79,84,44,54,82,68,27,52,76,64,55,48,60,77,74,78,11,11,7,14,14,,https://cdn.sofifa.com/flags/gb-sct.png
245878,L. Evans,Lisa Catherine Evans,77,77,29,1992-05-21,166,54,LM,11,Right,3,4,2,80,70,71,77,48,56,77,74,52,74,48,76,42,45,73,79,79,80,75,78,86,70,52,75,52,68,45,51,76,74,54,62,48,46,48,15,11,10,5,5,,https://cdn.sofifa.com/flags/gb-sct.png
246317,A. Nouwen,Aniek Nouwen,77,83,22,1999-03-09,174,65,RCB,2,Right,3,2,1,70,55,55,58,79,77,38,48,76,68,46,50,25,64,72,62,68,72,65,75,58,71,74,70,78,62,82,77,40,42,58,72,79,80,82,13,6,8,6,6,,https://cdn.sofifa.com/flags/nl.png
247461,N. Björn,Gun Nathalie Björn,77,84,24,1997-05-04,174,67,LCB,14,Right,3,3,1,80,40,67,71,75,70,74,35,64,75,35,70,65,25,69,75,77,82,67,73,75,40,73,77,65,48,72,76,55,57,33,66,74,77,76,7,14,9,8,12,,https://cdn.sofifa.com/flags/se.png
247796,E. Roebuck,Ellie Roebuck,77,86,21,1999-09-23,174,67,GK,1,Right,3,1,1,,,,,,,10,10,11,30,12,11,11,10,35,25,41,39,54,67,51,53,74,31,61,13,26,15,10,68,21,52,13,12,13,83,75,70,73,79,40,https://cdn.sofifa.com/flags/gb-eng.png
256489,B. England,Bethany England,77,78,27,1994-06-03,166,61,SUB,18,Right,4,3,2,79,80,64,76,46,67,62,82,68,69,69,76,56,56,59,72,78,79,81,77,83,80,71,78,68,78,49,46,84,65,80,74,42,46,40,5,6,10,8,14,,https://cdn.sofifa.com/flags/gb-eng.png
259484,Zhai Qingwei,翟晴苇,77,82,24,1996-09-24,163,57,LB,19,Left,3,3,1,67,33,57,60,78,54,78,31,75,76,21,53,45,36,33,69,65,68,51,75,75,40,60,64,50,28,48,79,52,30,37,58,77,78,79,12,7,6,13,13,,https://cdn.sofifa.com/flags/cn.png
261836,Cláudia Neto,Cláudia Teresa Pires Neto,77,77,33,1988-04-18,164,55,RM,7,Right,3,4,3,76,77,77,74,45,61,77,80,64,78,70,77,68,75,76,78,75,77,53,77,76,74,68,64,66,75,42,40,74,79,75,64,45,43,45,6,14,7,7,14,,https://cdn.sofifa.com/flags/pt.png
226913,Zhang Rui,张睿,76,76,32,1989-01-17,172,62,SUB,20,Right,3,3,2,81,76,77,74,68,77,76,72,52,78,69,73,76,78,77,76,83,80,75,75,72,84,47,77,79,76,81,72,80,77,73,79,68,75,55,12,8,9,14,9,,https://cdn.sofifa.com/flags/cn.png
226929,Gu Yasha,古雅沙,76,76,30,1990-11-28,165,60,SUB,17,Left,3,4,2,84,74,72,73,43,64,76,76,35,71,69,74,73,77,67,75,86,83,72,68,68,75,61,73,61,69,63,39,70,70,74,71,54,39,36,9,8,12,13,13,,https://cdn.sofifa.com/flags/cn.png
227348,V. Asseyi,Viviane Marie-Louise Blanche Asseyi,76,76,27,1993-11-20,163,59,SUB,18,Right,3,3,1,89,65,71,76,48,62,74,68,57,76,68,77,64,64,63,73,87,90,79,70,78,55,69,72,61,67,49,48,74,71,64,73,44,51,39,8,16,13,7,13,,https://cdn.sofifa.com/flags/fr.png
227353,K. Dali,Kenza Dali,76,76,29,1991-07-31,165,62,CAM,15,Right,3,4,2,74,72,75,76,63,67,74,71,55,77,66,76,74,70,70,77,75,74,73,70,79,73,74,75,66,75,56,67,72,77,71,76,73,59,44,11,8,16,15,11,,https://cdn.sofifa.com/flags/fr.png
227384,A. Chapman,Allysha Lyn Chapman,76,76,32,1989-01-25,160,57,LB,2,Left,3,2,2,76,35,52,57,77,75,69,30,76,60,22,47,30,34,40,64,79,74,63,73,75,35,64,82,69,40,84,76,45,40,58,67,77,79,77,10,16,12,17,11,,https://cdn.sofifa.com/flags/ca.png
233150,Leila Ouahabi,Leila Ouahabi El Ouahabi,76,76,28,1993-03-22,172,61,SUB,15,Left,3,3,1,74,48,64,68,75,71,78,36,77,76,30,62,31,44,55,75,70,77,69,70,74,59,62,70,78,67,55,69,62,47,48,61,73,79,78,15,7,15,13,16,,https://cdn.sofifa.com/flags/es.png
233856,K. van Es,Kika van Es,76,76,29,1991-10-11,169,62,SUB,5,Right,4,3,1,70,61,68,72,75,78,75,52,66,72,44,70,64,40,70,74,64,74,74,74,68,82,74,76,76,69,84,72,64,59,44,76,75,77,80,8,8,14,16,10,,https://cdn.sofifa.com/flags/nl.png
235594,S. Zadorsky,Shelina Laura Zadorsky,76,76,28,1992-10-24,172,67,LCB,4,Left,3,2,2,66,24,61,60,77,80,64,18,73,73,24,53,61,23,63,66,64,67,60,76,64,38,83,84,77,20,80,75,25,46,39,70,78,79,76,13,7,15,14,7,,https://cdn.sofifa.com/flags/ca.png
236648,A. Tounkara,Aïssatou Tounkara,76,79,26,1995-03-16,174,60,SUB,5,Right,2,2,2,64,32,57,56,77,76,38,29,72,79,36,38,33,30,74,78,66,63,52,70,64,41,73,77,76,25,75,75,34,36,43,69,78,79,74,16,8,9,13,10,,https://cdn.sofifa.com/flags/fr.png
244303,T. Knaak,Turid Knaak,76,76,30,1991-01-24,168,53,SUB,22,Right,3,4,1,81,72,72,80,35,55,70,74,55,73,66,81,75,62,76,81,78,84,80,75,82,72,73,62,62,68,25,27,72,70,77,73,42,29,30,11,10,9,10,16,,https://cdn.sofifa.com/flags/de.png
245178,Cecil Sendela,Amanda Cecília Santos Sendela,76,76,21,2000-02-29,164,55,SUB,19,Left,2,4,1,78,67,73,77,24,54,75,64,43,76,68,76,76,58,70,75,76,80,76,78,98,70,45,82,39,67,61,20,76,73,66,73,21,24,26,12,14,15,9,13,,https://cdn.sofifa.com/flags/br.png
245181,Zoe Tocantins,Juliana Zoe Meire Carvalho,76,76,37,1984-02-29,173,68,SUB,14,Left,3,2,1,65,24,56,56,79,70,68,15,74,72,15,50,23,44,55,60,62,68,48,73,75,36,69,61,70,32,82,78,18,28,48,67,81,82,75,13,15,6,9,8,,https://cdn.sofifa.com/flags/br.png
245195,Isaby Camila,Isabel Camila Magela Acuna,76,76,33,1988-02-29,163,58,SUB,15,Right,4,3,1,76,61,72,72,23,58,79,73,45,76,44,74,46,48,78,77,78,75,60,72,70,51,48,72,58,47,45,18,72,68,50,58,21,20,25,6,7,5,6,14,,https://cdn.sofifa.com/flags/br.png
245200,Niccole Cintra,Isabella Nicole Cintra Torres,76,76,29,1992-02-29,163,58,SUB,16,Right,3,4,1,69,77,51,77,18,57,35,77,75,73,75,80,58,60,22,78,71,68,62,79,79,78,68,62,63,79,35,10,77,48,71,69,11,12,11,6,14,10,13,10,,https://cdn.sofifa.com/flags/br.png
245821,K. Sævik,Karina Sævik,76,79,25,1996-03-24,173,62,RM,21,Right,3,3,1,79,68,75,76,56,65,73,71,51,79,52,76,76,60,74,77,81,77,75,70,83,63,63,79,61,70,59,60,74,72,59,73,57,59,45,9,8,8,9,12,,https://cdn.sofifa.com/flags/no.png
245871,L. Alexander,Lee Alexander,76,77,29,1991-09-23,170,65,GK,1,Right,2,1,2,,,,,,,11,10,14,24,11,12,13,10,21,11,15,32,24,70,40,56,58,24,30,14,15,12,13,69,17,11,29,13,15,77,74,75,72,79,22,https://cdn.sofifa.com/flags/gb-sct.png
245875,R. Corsie,Rachel Louise Corsie,76,76,31,1989-08-17,175,69,RCB,4,Right,3,2,2,64,30,48,47,78,73,55,24,71,75,18,22,19,41,24,70,63,65,55,77,70,44,74,63,76,31,77,80,22,21,40,58,78,79,77,9,13,11,5,7,,https://cdn.sofifa.com/flags/gb-sct.png
246152,J. Falk,Jennifer Miley Falk,76,77,28,1993-04-26,171,64,SUB,12,Right,2,1,1,,,,,,,13,15,11,30,16,14,11,14,32,35,29,22,39,65,64,51,51,21,53,20,20,12,7,52,10,30,5,14,12,75,74,68,76,80,26,https://cdn.sofifa.com/flags/se.png
246153,A. Anvegård,Anna Elin Astrid Anvegård,76,82,24,1997-05-10,167,65,SUB,19,Right,3,3,1,75,79,66,78,45,55,56,83,68,78,64,79,38,41,78,83,73,76,70,77,69,78,67,73,43,80,61,38,75,60,66,68,38,50,44,15,5,13,8,14,,https://cdn.sofifa.com/flags/se.png
247116,Li Mengwen,李梦雯,76,78,26,1995-03-28,165,56,SUB,4,Right,3,3,1,57,54,71,66,78,62,77,59,76,78,26,62,33,32,75,74,55,58,57,76,71,49,60,66,65,58,52,78,66,67,35,57,75,80,79,9,7,14,5,11,,https://cdn.sofifa.com/flags/cn.png
261740,J. Brand,Jule Brand,76,84,18,2002-10-16,177,62,SUB,24,Left,3,3,1,85,69,72,73,52,54,70,78,59,75,58,74,58,53,74,76,84,86,67,70,70,62,61,63,55,60,39,47,71,76,55,65,48,57,55,8,13,9,13,7,,https://cdn.sofifa.com/flags/de.png
261782,J. Biesmans,Julie Biesmans,76,78,27,1994-05-04,173,68,RCB,20,Right,3,2,1,70,30,65,67,78,74,53,26,78,77,21,63,27,34,73,69,67,72,68,74,73,38,70,77,72,28,76,78,36,68,36,72,77,79,77,8,13,9,10,9,,https://cdn.sofifa.com/flags/be.png
261829,Carole Costa,Carole da Silva Costa,76,76,31,1990-05-03,173,60,RCB,15,Right,3,2,1,64,36,45,45,77,72,29,42,75,70,27,21,27,28,45,65,60,67,54,76,76,40,70,63,74,25,77,77,15,25,35,57,78,78,77,13,15,12,8,12,,https://cdn.sofifa.com/flags/pt.png
261831,Ana Borges,Ana Catarina Marques Borges,76,76,31,1990-06-15,159,54,RB,9,Right,3,3,1,77,42,55,58,75,69,72,44,74,68,35,48,40,33,45,65,78,77,60,73,80,43,54,75,74,40,54,74,48,32,34,57,69,80,77,12,11,9,9,14,,https://cdn.sofifa.com/flags/pt.png
226912,Yang Li,杨丽,75,75,30,1991-01-31,167,58,SUB,9,Right,4,4,3,87,74,66,74,33,67,61,74,72,70,72,73,69,74,62,75,86,87,76,72,71,75,83,74,61,70,70,26,75,62,77,72,32,27,25,9,15,8,9,6,,https://cdn.sofifa.com/flags/cn.png
226923,Han Peng,韩鹏,75,75,31,1989-12-20,165,60,RB,14,Right,4,3,2,83,67,73,74,70,70,76,61,73,75,68,73,80,77,65,74,85,82,80,75,79,74,53,73,72,70,66,68,75,70,70,74,70,71,70,17,14,11,15,15,,https://cdn.sofifa.com/flags/cn.png
227404,Quinn,Quinn Quinn,75,78,25,1995-08-11,175,65,RDM,5,Right,3,2,2,74,35,67,64,75,78,61,26,69,72,54,60,70,41,70,69,76,73,58,75,65,47,73,74,81,28,77,75,65,68,53,64,74,80,73,13,11,8,14,16,,https://cdn.sofifa.com/flags/ca.png
227780,Ivana Andrés,Ivana Andrés Sanz,75,78,26,1994-07-13,164,60,SUB,5,Right,3,2,1,61,45,56,48,76,74,46,40,74,75,32,20,65,30,63,70,57,65,64,74,79,57,73,76,74,50,74,75,24,31,62,70,80,74,73,13,13,14,13,12,,https://cdn.sofifa.com/flags/es.png
227925,M. Arnold,Mackenzie Elizabeth Arnold,75,79,27,1994-02-25,179,76,SUB,18,Right,2,1,1,,,,,,,15,20,20,24,20,19,15,13,18,25,51,43,41,64,65,52,58,45,59,15,17,20,18,50,27,53,20,12,16,78,71,69,75,79,48,https://cdn.sofifa.com/flags/au.png
228800,E. Alvarado,Emily Alvarado,75,85,23,1998-06-09,180,72,GK,1,Right,2,1,1,,,,,,,14,18,14,26,14,12,21,13,16,15,39,32,40,56,58,55,84,22,82,11,24,18,16,31,22,28,30,18,20,78,75,73,76,77,36,https://cdn.sofifa.com/flags/mx.png
228840,Pang Fengyue,庞丰月,75,75,32,1989-01-19,165,59,SUB,23,Right,4,3,2,60,67,74,75,64,72,75,74,60,79,48,76,44,53,78,79,62,59,61,72,78,66,70,81,75,57,54,66,68,73,59,70,64,64,63,14,12,11,9,17,,https://cdn.sofifa.com/flags/cn.png
231637,C. Logarzo,Chloe Logarzo,75,77,26,1994-12-22,165,51,SUB,6,Right,4,3,2,80,68,69,75,41,60,65,73,60,73,55,76,50,61,67,75,84,77,75,74,76,62,71,79,53,65,51,42,78,76,70,58,36,40,35,11,15,16,7,13,,https://cdn.sofifa.com/flags/au.png
233153,Andrea Pereira,Andrea Pereira Cejudo,75,77,27,1993-09-19,164,62,SUB,20,Right,4,2,1,58,29,52,49,77,72,40,21,76,70,25,26,24,33,64,70,61,56,57,76,68,47,71,67,73,27,76,75,28,37,44,64,81,75,77,12,10,14,14,13,,https://cdn.sofifa.com/flags/es.png
233244,Esther González,Esther González Rodríguez,75,75,28,1992-12-08,164,54,SUB,18,Right,3,3,1,62,81,57,74,26,58,45,87,77,78,76,78,49,48,51,77,63,61,60,60,80,78,75,63,64,79,32,17,69,42,62,60,24,20,21,10,6,13,9,11,,https://cdn.sofifa.com/flags/es.png
233323,L. Utland,Lisa-Marie Karlseng Utland,75,75,28,1992-09-19,171,63,ST,11,Right,3,3,1,71,77,52,73,28,71,37,82,71,67,70,76,65,34,45,74,71,71,59,76,83,77,66,75,72,70,64,24,77,46,68,57,24,23,17,15,13,12,12,14,,https://cdn.sofifa.com/flags/no.png
233351,M. Moore,Meikayla Jean-Maree Moore,75,80,25,1996-06-04,172,67,RCB,5,Right,3,2,1,66,32,59,62,77,75,57,29,71,70,23,60,24,43,65,65,62,70,53,73,70,37,72,74,77,36,72,78,24,49,48,66,77,77,76,7,15,14,13,13,,https://cdn.sofifa.com/flags/nz.png
233352,A. Longo,Annalie Antonia Longo,75,75,30,1991-07-01,157,56,LCM,10,Right,3,4,1,70,70,72,78,60,67,59,72,61,80,47,80,51,54,77,76,74,66,76,75,82,70,67,70,70,74,58,66,67,79,57,74,60,57,51,16,16,17,7,16,,https://cdn.sofifa.com/flags/nz.png
233861,I. Kaagman,Inessa Kaagman,75,77,25,1996-04-17,170,56,SUB,22,Right,4,3,1,65,76,75,73,37,66,73,79,56,75,69,73,83,75,76,77,66,64,65,74,77,76,62,75,66,77,55,35,78,74,58,68,37,33,32,10,15,12,5,11,,https://cdn.sofifa.com/flags/nl.png
235962,N. Prince,Nichelle Patrice Prince,75,76,26,1995-02-19,163,65,RM,15,Right,3,3,1,92,69,65,77,21,64,61,71,66,71,57,77,60,32,64,72,93,91,83,74,95,70,68,75,70,66,34,20,77,68,63,70,14,15,17,9,7,17,8,14,,https://cdn.sofifa.com/flags/ca.png
239761,F. Maanum,Frida Leonhardsen Maanum,75,85,21,1999-07-16,173,53,SUB,18,Right,3,3,1,77,67,72,80,55,59,69,72,48,78,47,83,47,44,75,82,79,76,75,66,80,60,60,73,49,74,67,57,70,77,45,67,43,64,62,13,17,15,9,17,,https://cdn.sofifa.com/flags/no.png
240720,R. Jansen,Renate Jansen,75,75,30,1990-12-07,166,60,SUB,13,Right,3,3,1,76,75,67,76,58,71,67,76,67,74,70,78,62,54,57,75,74,77,72,76,78,78,66,76,72,73,64,59,77,69,59,75,60,53,58,16,12,13,15,16,,https://cdn.sofifa.com/flags/nl.png
241547,S. Durand,Solène Durand,75,76,26,1994-11-20,170,66,SUB,1,Right,2,1,1,,,,,,,15,11,13,24,7,14,15,12,22,20,28,31,35,60,46,57,64,30,74,9,28,11,6,41,15,31,12,12,15,75,76,76,73,77,29,https://cdn.sofifa.com/flags/fr.png
242796,Lucía García,Lucía García Córdoba,75,84,22,1998-07-14,163,56,SUB,17,Right,3,3,1,71,80,60,77,30,56,57,85,73,71,75,80,41,43,64,77,70,72,65,72,78,76,66,69,58,77,33,17,73,50,69,70,42,17,16,16,13,16,11,8,,https://cdn.sofifa.com/flags/es.png
244059,K. Snoeijs,Katja Snoeijs,75,79,24,1996-08-01,172,62,SUB,17,Right,3,3,1,78,75,62,72,27,65,43,82,72,72,71,73,57,49,56,73,76,80,65,75,67,68,69,82,64,67,44,19,79,70,71,71,25,20,24,9,11,16,15,10,,https://cdn.sofifa.com/flags/nl.png
245185,Iris Vieirinha,Ana Iris Lopes Vieira,75,75,33,1988-02-29,169,60,SUB,12,Left,3,1,1,,,,,,,15,7,11,28,8,11,15,12,25,9,25,24,48,62,59,59,62,35,44,6,17,8,8,23,17,25,5,12,10,69,80,79,72,79,25,https://cdn.sofifa.com/flags/br.png
245198,Jandinha Kenedy,Isia Jade Selva Kenedy,75,75,29,1992-02-29,165,62,SUB,17,Right,2,2,1,71,37,58,55,76,67,75,31,67,64,15,50,28,45,50,59,72,70,58,70,69,40,61,75,70,45,51,72,55,45,46,41,78,80,79,11,13,13,8,6,,https://cdn.sofifa.com/flags/br.png
245877,S. Howard,Sophie Louise Howard,75,76,27,1993-09-17,175,59,RB,15,Right,3,3,1,69,41,58,55,75,73,71,26,71,69,28,42,40,55,44,68,70,68,52,74,73,62,68,80,72,53,70,79,42,40,63,59,74,75,73,10,13,8,6,7,,https://cdn.sofifa.com/flags/gb-sct.png
245884,F. Brown,Fiona Alison Brown,75,76,26,1995-03-31,165,55,SUB,20,Right,3,4,1,76,72,68,76,33,68,73,72,65,71,44,78,48,50,67,78,78,75,63,76,80,72,59,78,75,80,41,20,72,70,62,65,32,33,32,6,7,7,10,13,,https://cdn.sofifa.com/flags/gb-sct.png
245889,K. Smith,Kirsty Anele Smith,75,76,27,1994-01-06,164,55,SUB,2,Right,3,3,1,81,34,58,63,73,57,74,25,68,70,18,52,32,44,45,72,83,80,70,74,80,68,59,69,50,18,59,73,44,42,51,57,75,73,72,15,11,13,13,9,,https://cdn.sofifa.com/flags/gb-sct.png
246286,Nahikari,Nahikari García Pérez,75,79,24,1997-03-10,160,52,SUB,22,Right,3,4,1,75,77,65,74,21,56,60,82,78,75,69,75,52,70,63,77,75,75,70,70,76,70,65,63,60,74,35,18,75,55,80,58,12,15,18,7,14,13,13,7,,https://cdn.sofifa.com/flags/es.png
247462,M. Janogy,Madelen Fatimma Maria Janogy,75,79,25,1995-11-12,164,57,SUB,7,Right,3,3,1,80,77,53,75,45,60,43,80,72,61,66,75,34,30,56,77,81,79,67,70,85,81,65,66,58,70,55,40,80,59,65,70,35,48,50,7,11,9,8,15,,https://cdn.sofifa.com/flags/se.png
247513,V. Gilles,Vanessa Brigitte Gilles,75,79,24,1996-11-03,170,56,SUB,23,Right,3,2,1,59,51,50,43,75,81,25,64,76,70,25,24,29,35,70,58,58,60,46,74,74,58,76,76,85,32,79,75,28,32,38,56,74,76,73,8,10,9,14,12,,https://cdn.sofifa.com/flags/ca.png
253436,Ona Batlle,Ona Batlle Pascual,75,83,22,1999-06-10,165,53,LB,2,Right,4,3,1,72,35,54,62,74,58,75,35,66,64,18,54,35,40,39,64,73,72,75,75,79,48,58,69,53,22,55,77,52,37,42,59,74,73,77,13,8,15,14,5,,https://cdn.sofifa.com/flags/es.png
257001,C. Kelly,Chloe Maggie Kelly,75,84,23,1998-01-15,161,58,SUB,22,Right,3,3,1,75,73,72,77,48,52,72,77,64,74,65,80,71,67,70,75,74,76,81,70,82,71,59,59,54,67,35,51,75,70,71,64,49,43,38,10,8,14,6,12,,https://cdn.sofifa.com/flags/gb-eng.png
257008,L. Hemp,Lauren May Hemp,75,88,20,2000-08-07,163,59,LM,11,Left,2,3,1,82,66,73,73,54,61,80,70,42,74,64,71,70,63,72,74,80,84,72,71,83,63,58,74,58,59,51,57,68,67,65,70,54,57,49,7,6,11,12,8,,https://cdn.sofifa.com/flags/gb-eng.png
259485,Yao Lingwei,姚凌薇,75,79,25,1995-12-05,165,63,RCM,16,Right,3,3,1,67,64,66,72,66,61,44,73,48,76,20,74,38,42,75,75,68,66,60,75,71,50,57,64,60,72,60,77,75,76,40,56,59,76,52,14,9,15,13,13,,https://cdn.sofifa.com/flags/cn.png
261783,L. Deloose,Laura Deloose,75,75,28,1993-06-18,164,56,RB,22,Right,3,3,1,74,46,67,62,75,72,71,31,64,68,23,57,65,68,62,62,72,75,73,70,76,68,73,77,67,61,78,76,62,64,31,65,77,77,75,9,9,6,11,10,,https://cdn.sofifa.com/flags/be.png
261790,D. Philtjens,Davina Philtjens,75,75,32,1989-02-26,150,52,LB,2,Left,3,3,1,74,57,70,70,73,53,72,56,48,74,45,66,59,62,71,70,77,72,82,74,84,57,75,76,32,61,71,75,56,63,54,70,76,76,74,13,7,9,14,12,,https://cdn.sofifa.com/flags/be.png
261830,Dolores Silva,Dolores Isabel Jácome da Silva,75,75,29,1991-08-07,167,54,RCM,14,Right,3,3,1,65,50,72,54,74,65,68,45,61,75,34,42,70,63,74,65,64,65,54,78,79,62,64,68,60,55,75,79,58,74,43,56,75,74,77,15,6,14,11,13,,https://cdn.sofifa.com/flags/pt.png
261832,Sílvia Rebelo,Sílvia Marisa García Rebelo,75,75,32,1989-05-20,173,66,LCB,4,Right,3,2,1,63,25,46,45,76,74,31,21,76,77,27,22,20,32,42,64,56,68,54,73,72,37,69,75,74,18,75,74,22,21,40,56,76,77,79,13,10,13,6,11,,https://cdn.sofifa.com/flags/pt.png
262330,C. Macario,Catarina Macario,75,75,30,1990-10-04,165,64,SUB,22,Right,3,3,1,82,75,68,77,46,71,66,74,74,72,69,77,68,64,63,78,83,82,73,70,89,72,62,84,67,79,67,47,81,68,80,71,44,41,38,12,7,14,7,13,,https://cdn.sofifa.com/flags/us.png
263964,F. Angeldahl,Filippa Angeldahl,75,82,23,1997-07-14,170,56,RCM,16,Right,3,2,1,69,62,75,72,70,63,67,65,58,82,52,74,65,68,78,76,68,70,59,80,62,58,67,72,55,62,69,78,65,72,54,57,72,68,67,10,8,11,14,5,,https://cdn.sofifa.com/flags/se.png
227003,L. Hurtig,Lina Mona Andréa Hurtig,74,75,25,1995-09-05,180,69,SUB,8,Right,3,3,1,69,77,73,73,32,74,74,77,77,78,72,75,69,54,75,76,68,70,66,75,51,78,55,74,86,76,50,18,78,65,71,63,45,19,17,9,10,8,8,16,,https://cdn.sofifa.com/flags/se.png
227116,K. Simon,Kyah Pam Simon,74,74,30,1991-06-25,164,63,RW,17,Right,4,4,3,78,75,58,75,42,70,45,78,65,58,72,72,60,74,47,76,79,77,80,80,72,70,69,78,67,71,66,57,81,74,74,81,42,32,21,8,9,9,12,13,,https://cdn.sofifa.com/flags/au.png
227397,A. Leon,Adriana Kristina Leon,74,74,28,1992-10-02,160,59,SUB,19,Right,3,3,2,80,75,67,74,25,59,71,77,59,70,68,75,49,45,63,73,80,80,75,68,78,75,68,68,62,73,38,26,77,71,69,72,16,23,21,8,11,17,15,12,,https://cdn.sofifa.com/flags/ca.png
228585,C. Bilbault,Charlotte Bilbault,74,74,31,1990-06-05,168,65,SUB,14,Right,3,2,1,69,44,63,64,70,80,53,39,62,74,40,59,44,36,70,68,71,67,66,71,73,54,70,85,80,42,78,75,58,61,47,69,68,72,72,17,16,16,14,11,,https://cdn.sofifa.com/flags/fr.png
233330,M. Thorisdottir,Maria Thorisdottir,74,75,28,1993-06-05,171,68,LCB,3,Left,2,2,2,80,32,61,70,75,74,49,25,78,76,31,71,25,26,69,71,81,79,54,72,85,41,69,79,78,38,59,69,28,60,38,72,75,79,76,7,15,13,9,14,,https://cdn.sofifa.com/flags/no.png
233862,L. Geurts,Loes Geurts,74,74,35,1986-01-12,168,63,SUB,23,Right,2,1,2,,,,,,,14,15,14,21,11,16,14,10,20,32,22,29,29,72,48,59,62,25,58,12,23,11,12,58,16,40,11,11,11,70,75,78,75,72,25,https://cdn.sofifa.com/flags/nl.png
243769,M. Purce,Margaret Purce,74,77,25,1995-09-18,165,56,SUB,25,Right,2,3,1,87,48,70,75,50,55,72,48,40,74,42,76,62,39,76,78,90,85,74,70,76,54,53,64,53,38,50,47,65,64,43,54,56,50,44,8,10,14,14,14,,https://cdn.sofifa.com/flags/us.png
245183,Kla Elisinha,Clara Elisa Leal Porfírio,74,74,37,1984-02-29,166,63,SUB,18,Left,3,2,1,59,37,58,53,74,73,42,34,45,77,18,38,25,48,73,66,58,59,60,73,78,45,65,69,75,41,77,75,28,42,50,41,76,78,80,13,11,6,10,10,,https://cdn.sofifa.com/flags/br.png
245191,Giovanny Bia,Giovana Beatriz Inácio Maia,74,74,33,1988-02-29,159,58,SUB,20,Right,3,2,1,61,31,65,48,72,75,50,21,65,76,21,28,23,43,72,67,60,62,52,77,78,50,65,75,78,28,72,69,46,70,48,42,65,79,80,10,11,5,11,8,,https://cdn.sofifa.com/flags/br.png
245201,Magi Bardini,Olívia Jade Magela Bardini,74,74,29,1992-02-29,158,51,SUB,21,Left,3,4,1,66,71,76,77,52,58,80,68,38,76,67,81,83,73,67,76,68,65,59,80,84,75,54,64,52,73,67,75,73,76,76,81,73,27,36,5,11,13,6,14,,https://cdn.sofifa.com/flags/br.png
245880,J. Ross,Jane Celestina Ross,74,74,31,1989-09-18,165,60,SUB,13,Right,3,4,1,74,74,64,75,23,56,68,75,73,71,69,74,57,50,55,76,73,75,63,80,86,74,70,71,59,72,28,12,80,62,74,78,14,23,21,15,13,12,15,14,,https://cdn.sofifa.com/flags/gb-sct.png
245885,L. Clelland,Lana Clelland,74,74,28,1993-01-26,173,65,SUB,19,Right,3,3,1,82,72,58,73,19,67,72,74,72,63,66,73,68,52,48,77,80,83,60,73,70,70,78,75,79,69,25,12,77,44,76,68,14,13,10,8,11,10,13,8,,https://cdn.sofifa.com/flags/gb-sct.png
245886,C. Murray,Christie Murray,74,74,31,1990-05-03,156,50,RDM,16,Right,3,3,1,65,69,72,72,78,57,64,73,71,77,39,72,73,58,76,76,64,65,61,78,84,70,57,62,50,71,69,77,68,72,56,56,75,83,80,15,15,7,7,11,,https://cdn.sofifa.com/flags/gb-sct.png
245888,J. Love,Joanne Love,74,74,35,1985-12-06,160,60,SUB,6,Right,3,3,1,66,68,69,73,70,62,56,72,70,80,40,75,37,43,75,76,65,66,60,77,80,69,57,60,62,70,68,76,69,72,55,55,60,75,69,12,6,7,10,10,,https://cdn.sofifa.com/flags/gb-sct.png
245891,H. Lauder,Hayley Lauder,74,74,31,1990-06-04,170,62,LB,7,Left,3,3,1,77,57,63,69,72,64,73,57,68,70,22,67,33,42,46,73,76,77,68,71,75,65,68,70,65,56,55,72,62,65,50,58,72,74,72,7,10,14,13,11,,https://cdn.sofifa.com/flags/gb-sct.png
246178,P. Peyraud-Magnin,Pauline Camille Peyraud-Magnin,74,75,29,1992-03-17,173,57,GK,21,Left,2,1,1,,,,,,,12,8,11,21,6,11,13,15,17,18,23,21,37,66,44,51,48,26,32,7,24,19,5,26,12,31,9,14,15,74,69,68,74,78,22,https://cdn.sofifa.com/flags/fr.png
246774,Alba Redondo,Alba María Redondo Ferrer,74,79,24,1996-08-27,169,63,RW,21,Right,3,3,1,72,77,61,72,17,57,65,80,71,69,73,74,50,59,57,75,70,73,67,71,72,77,70,64,62,75,31,11,71,50,74,54,10,11,10,10,13,6,9,7,,https://cdn.sofifa.com/flags/es.png
253417,L. Wilms,Lynn Anke Hannie Wilms,74,83,20,2000-10-03,173,60,SUB,15,Right,3,2,1,73,52,69,68,71,72,78,44,55,70,50,67,62,47,70,68,74,72,72,70,66,65,62,76,69,54,76,74,69,66,42,74,72,72,74,7,10,13,15,11,,https://cdn.sofifa.com/flags/nl.png
253437,Marta Cardona,Marta Cardona de Miguel,74,75,26,1995-05-26,161,54,SUB,9,Right,3,4,1,68,67,72,73,26,52,79,71,59,74,58,76,56,52,72,75,70,67,56,70,82,64,49,62,55,64,34,24,75,70,59,54,22,20,22,15,6,5,15,11,,https://cdn.sofifa.com/flags/es.png
257530,S. Kleinherne,Sophia Kleinherne,74,84,21,2000-04-12,169,54,SUB,2,Right,4,2,1,69,33,46,65,75,72,35,24,72,64,31,63,33,30,38,61,63,73,68,76,78,58,84,62,74,30,75,73,31,37,36,68,74,77,74,10,6,9,9,13,,https://cdn.sofifa.com/flags/de.png
258789,Misa,María Isabel Rodríguez Rivero,74,81,21,1999-07-22,173,66,SUB,1,Left,3,1,1,,,,,,,10,9,12,33,6,11,11,12,24,12,29,16,56,73,44,54,56,16,36,9,18,13,6,27,10,34,8,23,22,75,74,72,71,73,24,https://cdn.sofifa.com/flags/es.png
261093,A. Cervantes,Alicia Cervantes Herrera,74,74,27,1994-01-24,165,60,LS,23,Left,2,2,1,65,79,53,69,32,65,33,85,71,65,75,70,69,40,60,71,66,65,58,65,74,80,76,72,63,70,59,27,80,47,67,65,26,29,28,11,14,14,7,7,,https://cdn.sofifa.com/flags/mx.png
261784,K. Missipo,Kassandra Missipo,74,79,23,1998-02-03,159,57,SUB,23,Right,3,3,1,75,61,67,76,70,73,58,58,53,74,48,73,43,46,71,78,76,74,78,74,86,68,75,83,68,64,74,73,70,73,49,73,68,75,71,9,14,13,12,7,,https://cdn.sofifa.com/flags/be.png
261852,Jéssica Silva,Jéssica Nogueira Silva,74,77,26,1994-12-11,170,54,RS,10,Left,3,4,1,74,73,54,72,19,54,28,73,75,74,73,74,65,50,34,76,73,75,61,72,69,74,62,61,60,71,30,11,77,57,74,60,12,15,12,9,10,10,7,10,,https://cdn.sofifa.com/flags/pt.png
227369,S. Jensen,Synne Sofie Kinden Jensen,73,77,25,1996-02-15,173,62,SUB,19,Right,3,3,2,79,74,50,73,24,63,37,77,75,55,72,73,79,35,40,71,76,81,73,68,78,75,86,76,57,71,54,16,81,60,59,76,22,16,17,10,15,16,8,9,,https://cdn.sofifa.com/flags/no.png
228724,M. Sánchez,María Guadalupe Sánchez Morales,73,76,25,1996-02-20,167,56,LM,11,Left,3,3,1,83,66,71,73,42,54,75,69,44,73,60,75,67,61,69,72,82,83,82,63,73,71,64,77,43,56,52,45,62,68,71,61,40,39,45,12,15,8,8,7,,https://cdn.sofifa.com/flags/mx.png
233349,R. White,Rosemary Eleanor Florence White,73,73,28,1993-06-06,165,63,RS,13,Right,3,3,1,76,71,72,74,29,61,78,73,72,71,70,75,64,61,73,75,77,76,75,74,70,70,76,64,69,72,33,20,72,74,59,68,26,25,28,14,12,7,9,7,,https://cdn.sofifa.com/flags/nz.png
233759,D. Kerkdijk,Danique Kerkdijk,73,75,25,1996-05-01,170,64,SUB,18,Right,3,2,1,69,43,55,57,75,75,49,36,72,62,34,48,42,41,72,67,60,76,57,69,50,54,69,75,76,50,74,72,39,44,37,66,77,75,76,9,10,15,14,14,,https://cdn.sofifa.com/flags/nl.png
238280,V. Esson,Victoria Lucy Esson,73,73,30,1991-03-06,169,65,SUB,21,Right,3,1,1,,,,,,,12,11,12,30,8,16,14,12,23,13,37,23,50,64,48,55,50,37,50,8,18,12,10,36,15,54,11,15,13,75,67,73,72,77,31,https://cdn.sofifa.com/flags/nz.png
239759,K. Leine,Kristine Bjørdal Leine,73,78,24,1996-08-06,171,57,SUB,30,Right,2,2,1,71,30,58,56,70,65,75,31,61,67,25,51,27,33,69,58,73,70,57,72,66,27,64,79,57,28,70,75,44,32,33,67,67,73,69,8,12,13,15,9,,https://cdn.sofifa.com/flags/no.png
241526,O. Chance,Olivia Juliet Bridget Chance,73,73,27,1993-10-05,157,53,LM,22,Right,4,3,1,86,66,67,70,40,59,71,67,32,70,44,71,50,47,66,70,85,86,72,64,75,59,34,76,56,74,50,14,71,66,64,64,63,37,35,12,13,12,12,15,,https://cdn.sofifa.com/flags/nz.png
245187,Rafaelly Paraná,Rafaela Isabel Lobato Selva,73,73,25,1996-02-29,168,65,SUB,23,Left,3,3,1,66,51,64,69,71,77,75,54,63,67,52,71,69,44,52,69,68,65,54,67,76,58,68,82,78,35,72,68,59,59,45,69,72,74,73,14,5,8,10,6,,https://cdn.sofifa.com/flags/br.png
245881,L. Arnot,Lizzie Arnot,73,77,25,1996-03-01,169,54,SUB,21,Right,4,3,1,76,75,44,74,22,55,32,79,70,45,64,74,55,52,30,76,75,77,60,78,76,74,70,76,55,68,24,12,77,62,75,74,15,18,22,14,13,7,12,9,,https://cdn.sofifa.com/flags/gb-sct.png
245883,C. Arthur,Chloe Susan Arthur,73,76,26,1995-01-21,169,58,SUB,14,Right,3,3,1,65,67,67,70,69,60,47,70,69,77,48,69,33,40,76,75,62,68,55,76,80,73,58,68,55,64,62,64,68,78,51,55,69,73,71,10,8,5,8,6,,https://cdn.sofifa.com/flags/gb-sct.png
245890,L. Crichton,Leanne Crichton,73,73,33,1987-08-06,160,55,SUB,10,Right,3,3,1,61,70,71,71,69,56,60,73,60,78,45,71,39,50,76,75,60,61,64,73,82,73,56,59,54,72,59,70,60,78,59,54,64,78,65,7,6,12,14,8,,https://cdn.sofifa.com/flags/gb-sct.png
246177,E. Laurent,Emelyne Ann-Emmanuelle Laurent,73,85,22,1998-11-04,161,50,SUB,13,Right,2,3,1,85,64,68,76,20,38,74,69,29,74,62,78,64,35,55,74,86,85,81,56,94,53,46,56,29,61,35,14,68,69,64,64,10,30,24,8,11,8,13,11,,https://cdn.sofifa.com/flags/fr.png
246967,N. Docherty,Nicola Docherty,73,73,28,1992-08-23,171,60,SUB,3,Left,3,3,1,70,52,58,68,71,65,71,54,67,71,26,65,31,32,52,72,71,69,70,69,72,56,71,68,69,50,51,70,68,42,44,62,72,72,73,6,14,10,9,6,,https://cdn.sofifa.com/flags/gb-sct.png
247437,D. Espinosa,Daniela Espinosa Arce,73,84,21,1999-07-13,168,62,SUB,7,Right,3,3,1,68,72,74,73,34,41,74,72,71,77,66,73,63,74,76,74,69,68,76,65,77,74,72,70,26,71,34,32,70,72,66,59,21,37,33,10,6,9,12,6,,https://cdn.sofifa.com/flags/mx.png
247512,J. Huitema,Jordyn Pamela Huitema,73,84,20,2001-05-08,181,56,SUB,7,Right,3,4,3,81,74,53,75,24,53,42,79,64,59,66,74,60,59,34,73,81,81,83,74,78,71,64,52,65,67,22,23,80,64,70,72,22,15,18,6,12,11,7,10,,https://cdn.sofifa.com/flags/ca.png
247747,Yao Wei,姚伟,73,79,23,1997-09-01,167,60,SUB,21,Right,3,3,1,73,70,71,71,55,62,73,75,57,74,42,73,45,48,72,74,72,73,64,71,71,64,69,73,62,71,44,70,74,74,66,55,32,73,42,13,7,13,9,13,,https://cdn.sofifa.com/flags/cn.png
253435,Laia Aleixandri,Laia Aleixandri López,73,84,20,2000-08-25,170,55,SUB,3,Left,4,2,1,68,28,55,48,74,72,65,25,74,70,22,32,33,42,51,60,55,78,64,68,70,38,75,67,74,24,71,72,22,31,38,53,66,81,78,8,13,11,11,10,,https://cdn.sofifa.com/flags/es.png
256095,P. Morroni,Perle Morroni,73,80,23,1997-10-15,157,53,SUB,23,Left,2,2,1,81,34,64,62,69,58,75,32,63,75,28,56,31,29,63,69,79,83,61,68,82,37,62,64,54,31,60,70,49,50,41,54,69,70,66,5,8,13,10,9,,https://cdn.sofifa.com/flags/fr.png
260768,J. López,Jimena López Fuentes,73,79,22,1999-01-30,170,57,LB,5,Left,2,2,1,73,46,62,62,70,60,69,44,59,71,39,55,61,65,63,65,73,73,75,70,83,47,65,78,54,48,50,71,48,39,55,59,72,71,70,11,14,10,9,12,,https://cdn.sofifa.com/flags/mx.png
261514,É. Viens,Évelyne Viens,73,77,24,1997-02-06,173,64,SUB,9,Right,5,2,1,81,77,50,72,19,60,44,78,49,60,72,73,48,29,34,69,83,79,76,74,78,78,68,50,75,75,32,14,79,58,72,64,19,13,12,6,9,13,11,10,,https://cdn.sofifa.com/flags/ca.png
261786,J. Vanhaevermaet,Justine Vanhaevermaet,73,73,29,1992-04-29,185,72,CM,10,Right,4,3,1,64,66,69,67,71,72,61,64,67,73,55,67,61,63,71,72,58,68,57,70,61,70,59,78,72,69,67,71,65,71,61,63,72,73,68,8,8,10,9,10,,https://cdn.sofifa.com/flags/be.png
261788,L. De Neve,Laura De Neve,73,76,26,1994-10-09,168,56,LCB,18,Left,3,2,1,71,45,66,60,74,71,68,33,74,72,33,53,65,73,73,63,68,73,71,69,72,68,71,68,70,58,75,72,31,47,36,68,73,77,75,13,10,9,10,10,,https://cdn.sofifa.com/flags/be.png
261791,M. Minnaert,Marie Minnaert,73,79,22,1999-05-05,184,73,LCM,16,Right,3,3,1,63,68,72,68,62,70,55,68,57,79,48,68,72,74,77,71,60,65,59,74,62,71,63,72,73,73,63,69,68,72,63,69,54,69,55,9,6,8,8,13,,https://cdn.sofifa.com/flags/be.png
261801,L. Onzia,Lenie Onzia,73,73,32,1989-05-30,170,57,RCM,8,Right,3,3,1,60,54,71,71,70,68,63,49,52,79,48,71,59,55,78,76,56,63,55,70,76,60,60,72,65,57,71,71,65,68,48,69,66,77,75,10,14,13,8,11,,https://cdn.sofifa.com/flags/be.png
261834,Patrícia Morais,Patrícia Isabel Sousa Morais,73,73,29,1992-06-17,178,63,GK,12,Right,3,1,1,,,,,,,12,9,14,16,7,6,14,13,26,12,25,24,30,70,28,57,35,23,40,7,25,15,11,58,16,50,21,11,12,74,70,76,71,75,25,https://cdn.sofifa.com/flags/pt.png
261842,Carolina Mendes,Carolina Ana Coruche Mendes,73,73,33,1987-11-27,173,59,SUB,18,Right,3,3,1,78,79,55,74,18,58,43,82,68,64,77,75,73,60,45,76,79,77,72,60,75,79,76,69,67,78,15,10,68,55,73,75,12,14,12,6,13,5,8,14,,https://cdn.sofifa.com/flags/pt.png
263011,E. Toone,Ella Toone,73,83,21,1999-09-02,163,57,SUB,20,Right,3,2,1,80,70,69,73,49,64,72,68,60,68,63,76,70,48,65,70,79,81,67,77,74,70,61,78,68,72,38,63,76,74,71,72,43,45,42,7,11,8,9,8,,https://cdn.sofifa.com/flags/gb-eng.png
263966,H. Bennison,Hanna Bennison,73,90,18,2002-10-16,160,51,SUB,26,Right,3,2,1,75,68,75,72,57,57,75,67,48,77,67,71,67,70,76,73,76,74,84,68,62,70,53,60,53,71,66,64,73,75,58,72,60,52,55,14,5,10,6,12,,https://cdn.sofifa.com/flags/se.png
226927,Li Jiayue,李佳悦,72,72,31,1990-06-08,170,58,SUB,13,Right,3,2,1,67,43,56,61,73,72,68,35,75,69,35,52,47,30,51,71,64,70,71,70,56,54,71,68,72,46,77,73,50,36,52,58,74,73,68,7,8,13,8,9,,https://cdn.sofifa.com/flags/cn.png
227286,E. Thorsnes,Elise Hove Thorsnes,72,72,32,1988-08-14,174,70,SUB,7,Right,3,3,2,69,64,66,74,57,85,77,66,74,76,47,72,44,48,71,76,68,70,71,82,74,69,79,88,87,62,80,62,70,46,49,69,42,62,64,10,16,12,16,13,,https://cdn.sofifa.com/flags/no.png
227454,C. Jaramillo,Christian Carolina Jaramillo Quintero,72,72,27,1994-03-15,167,59,SUB,15,Left,3,3,3,76,61,74,74,38,61,74,52,34,75,50,74,69,72,74,75,77,75,80,68,74,72,79,45,73,65,47,33,71,75,76,62,48,34,33,15,11,14,8,13,,https://cdn.sofifa.com/flags/mx.png
232618,Bi Xiaolin,毕晓琳,72,72,31,1989-09-18,176,62,SUB,1,Right,2,1,1,,,,,,,16,17,15,16,17,13,14,15,24,12,26,27,22,71,50,53,65,17,37,19,26,28,14,64,14,61,25,14,15,72,70,71,70,72,26,https://cdn.sofifa.com/flags/cn.png
233200,E. Gielnik,Emily Gielnik,72,72,29,1992-05-13,183,68,SUB,15,Right,3,3,1,78,68,65,74,26,68,79,73,70,66,54,73,64,74,53,78,77,78,74,65,77,69,69,74,71,57,51,21,76,57,70,68,29,16,15,13,9,17,15,15,,https://cdn.sofifa.com/flags/au.png
233322,S. Hansen,Synne Skinnes Hansen,72,75,25,1995-08-12,171,65,SUB,5,Right,3,3,1,64,61,60,67,70,57,74,61,75,73,61,65,35,30,52,71,63,65,58,72,72,62,73,61,63,58,32,68,62,45,62,63,69,71,71,7,11,8,9,15,,https://cdn.sofifa.com/flags/no.png
233339,A. Green,Anna Green,72,72,30,1990-08-20,167,62,SUB,3,Left,3,3,1,73,64,65,68,71,69,70,66,68,70,24,66,60,57,68,64,77,70,82,74,75,72,61,75,67,66,70,73,55,53,51,63,74,68,66,11,13,8,13,8,,https://cdn.sofifa.com/flags/nz.png
233353,H. Wilkinson,Hannah Lillian Wilkinson,72,72,29,1992-05-28,178,70,SUB,17,Right,3,4,1,69,73,58,72,23,62,58,76,75,55,70,73,60,57,60,71,70,69,69,76,64,73,66,60,73,70,37,24,73,61,70,75,15,16,17,15,13,14,13,16,,https://cdn.sofifa.com/flags/nz.png
233354,C. Bott,Catherine Joan Bott,72,75,26,1995-04-22,165,60,SUB,4,Right,3,3,1,62,57,64,70,70,70,81,55,65,68,20,72,34,50,48,73,64,61,59,69,72,60,71,76,75,72,48,70,56,61,49,63,71,70,69,14,10,9,14,9,,https://cdn.sofifa.com/flags/nz.png
237674,L. Agnew,Lindsay Elizabeth Agnew,72,74,26,1995-03-31,175,63,SUB,22,Right,3,2,1,74,65,63,66,70,72,68,66,69,71,56,66,50,41,63,62,73,74,70,74,73,68,71,71,75,61,66,69,70,53,71,69,72,70,69,16,15,8,7,7,,https://cdn.sofifa.com/flags/ca.png
238096,D. Rose,Deanne Rose,72,81,22,1999-03-03,162,62,SUB,6,Right,3,2,1,91,64,64,71,32,67,66,69,44,69,40,72,55,42,62,74,90,91,68,64,70,68,70,55,78,54,54,23,68,62,69,60,34,34,27,8,7,10,8,7,,https://cdn.sofifa.com/flags/ca.png
239124,S. Woeller,Shannon Elizabeth Woeller,72,72,30,1990-12-31,172,64,SUB,21,Right,3,2,1,65,26,45,49,75,75,33,19,73,63,34,33,30,31,44,59,61,69,60,69,79,40,78,78,74,20,71,73,24,33,42,68,79,73,71,13,17,11,8,10,,https://cdn.sofifa.com/flags/ca.png
241224,R. Bernal,Rebeca Bernal Rodriguez,72,75,23,1997-08-31,170,62,LDM,6,Left,3,3,1,74,41,62,66,71,63,68,32,63,68,40,63,51,59,67,66,77,72,72,69,87,55,66,66,67,46,50,73,44,45,46,63,67,76,72,13,16,8,7,9,,https://cdn.sofifa.com/flags/mx.png
244058,L. Kop,Lize Kop,72,78,23,1998-03-17,172,64,SUB,16,Right,2,1,1,,,,,,,12,8,16,23,7,10,14,12,18,18,27,34,39,71,51,53,60,30,32,9,25,11,10,25,13,32,15,14,15,73,62,71,75,74,30,https://cdn.sofifa.com/flags/nl.png
244064,V. Pelova,Victoria Pelova,72,80,22,1999-06-03,158,55,SUB,12,Right,3,3,1,73,67,67,76,35,55,70,68,45,69,67,77,61,61,64,75,75,72,76,73,85,64,57,74,52,68,40,31,76,65,66,71,37,32,40,12,17,7,14,16,,https://cdn.sofifa.com/flags/nl.png
245184,Licinha Bardini,Lia Juliana Bardini Reis,72,72,33,1988-02-29,175,70,SUB,22,Right,3,1,1,,,,,,,12,10,12,25,20,19,12,14,29,18,19,28,25,70,42,53,64,17,31,12,22,18,10,29,18,22,15,10,14,68,72,70,78,69,23,https://cdn.sofifa.com/flags/br.png
247535,A. Eikeland,Amalie Vevle Eikeland,72,73,25,1995-08-26,164,67,SUB,15,Right,3,3,1,75,68,67,72,24,52,66,70,47,71,68,73,66,52,64,72,71,78,68,73,79,69,63,69,50,62,33,21,72,68,61,57,21,20,29,6,6,13,13,13,,https://cdn.sofifa.com/flags/no.png
248790,J. Roddar,Julia Elisabeth Roddar,72,72,29,1992-02-16,167,59,SUB,20,Right,3,3,1,63,38,64,55,69,69,46,34,54,76,35,42,43,42,74,69,64,62,57,72,68,45,70,64,73,34,65,70,45,65,48,52,73,70,66,7,8,14,11,6,,https://cdn.sofifa.com/flags/se.png
261092,A. González,Alison Hecnary Gonzalez Esquivel,72,84,19,2002-01-31,169,51,RS,20,Right,3,3,1,73,76,58,74,25,45,52,83,70,67,60,77,58,59,55,73,70,75,69,63,73,71,73,76,26,69,48,19,80,51,66,68,22,21,14,12,6,11,12,12,,https://cdn.sofifa.com/flags/mx.png
261787,J. Odeurs,Justien Odeurs,72,77,24,1997-05-30,174,70,GK,1,Right,3,1,1,,,,,,,15,7,11,20,7,8,14,11,17,13,26,28,35,71,36,50,67,18,73,6,25,7,7,25,11,35,8,11,13,68,70,67,73,76,27,https://cdn.sofifa.com/flags/be.png
261794,N. Evrard,Nicky Evrard,72,76,26,1995-05-26,176,58,SUB,21,Right,3,1,1,,,,,,,11,8,12,18,9,14,11,12,28,16,16,19,33,71,44,55,59,18,31,9,27,10,7,36,17,32,5,13,11,70,75,73,69,70,17,https://cdn.sofifa.com/flags/be.png
261795,D. Vanmechelen,Davinia Vanmechelen,72,80,21,1999-08-30,161,63,SUB,14,Left,4,4,1,77,67,69,73,23,48,74,71,34,69,58,74,64,62,64,72,81,73,76,68,83,62,71,56,50,67,26,16,67,69,66,68,19,27,23,14,9,15,15,8,,https://cdn.sofifa.com/flags/be.png
261798,C. Vande Velde,Chloé Vande Velde,72,77,24,1997-06-06,169,58,SUB,19,Right,3,3,1,73,70,71,73,64,66,67,70,64,74,63,72,65,66,72,74,71,75,74,70,74,72,68,76,59,71,68,66,71,72,68,70,62,66,59,7,9,15,7,7,,https://cdn.sofifa.com/flags/be.png
261835,Tatiana Pinto,Tatiana Vanessa Ferreira Pinto,72,73,27,1994-03-28,167,55,LCM,11,Right,3,3,1,62,51,68,67,65,58,44,50,50,79,45,66,46,44,77,69,61,63,60,74,78,50,53,68,59,52,45,69,78,75,45,62,60,76,55,9,6,8,12,12,,https://cdn.sofifa.com/flags/pt.png
261837,Diana Silva,Diana Micaela de Sousa e Silva,72,75,26,1995-06-04,161,54,SUB,19,Left,3,3,1,77,78,64,72,18,60,75,82,67,65,71,71,70,68,48,70,75,78,77,64,82,76,68,65,69,73,28,14,70,62,77,74,12,11,12,13,12,9,6,9,,https://cdn.sofifa.com/flags/pt.png
261838,Andreia Norton,Andreia Alexandra Norton,72,77,24,1996-08-15,161,58,LM,8,Right,3,3,1,67,59,69,64,59,64,60,63,50,76,43,64,47,43,78,66,70,65,51,73,79,51,57,73,64,61,55,68,75,73,53,53,45,73,52,14,10,10,9,13,,https://cdn.sofifa.com/flags/pt.png
261841,Fátima Pinto,Fátima Figueira Pinto,72,77,25,1996-01-16,169,59,SUB,13,Left,3,3,1,61,48,72,67,59,66,68,48,43,79,26,67,42,40,78,69,59,62,60,69,74,50,68,69,68,46,59,70,73,76,43,55,42,75,58,12,8,13,14,13,,https://cdn.sofifa.com/flags/pt.png
262866,K. Cooney-Cross,Kyra Cooney-Cross,72,88,19,2002-02-15,165,60,SUB,22,Right,3,2,1,72,71,73,72,39,45,72,74,47,76,67,71,72,68,73,72,74,71,79,60,84,71,54,59,34,68,51,27,68,72,66,70,33,48,46,13,10,12,9,5,,https://cdn.sofifa.com/flags/au.png
264011,A. Cook,Alana Cook,72,76,24,1997-04-11,175,68,SUB,26,Right,3,2,1,77,41,55,68,72,75,41,28,68,70,46,64,45,36,68,76,78,76,62,68,73,60,68,76,78,42,66,71,43,38,62,69,69,76,73,7,15,15,13,6,,https://cdn.sofifa.com/flags/us.png
226964,Song Duan,宋端,71,74,25,1995-08-02,168,54,SUB,15,Right,2,3,1,72,69,62,70,70,63,38,77,61,74,42,71,49,54,72,76,70,73,56,70,74,60,70,74,57,70,60,68,64,65,61,54,72,75,60,8,10,16,15,12,,https://cdn.sofifa.com/flags/cn.png
227486,N. Antonio,Nancy Guadalupe Antonio Lopez,71,75,25,1996-04-02,174,60,RDM,16,Right,3,2,1,77,58,61,65,69,74,46,48,51,68,42,61,71,36,70,69,79,76,73,70,56,76,58,74,77,69,71,76,61,63,50,68,72,68,66,9,16,16,10,10,,https://cdn.sofifa.com/flags/mx.png
233348,B. Hassett,Betsy Doon Hassett,71,71,30,1990-08-04,157,55,RM,12,Left,3,3,1,77,69,69,72,38,57,75,70,51,71,54,76,56,60,68,67,80,74,71,73,73,66,61,71,58,75,38,37,68,67,56,68,37,34,40,13,7,14,7,17,,https://cdn.sofifa.com/flags/nz.png
239756,T. Hansen,Tuva Hansen,71,80,23,1997-08-04,165,55,SUB,4,Right,2,2,1,68,28,38,45,76,61,30,25,67,52,31,31,31,29,31,55,65,70,48,67,60,35,71,62,61,24,59,74,29,32,36,72,77,79,81,13,12,7,10,11,,https://cdn.sofifa.com/flags/no.png
241565,K. Rood,Katie Rood,71,71,28,1992-09-02,164,62,SUB,9,Right,4,3,1,81,66,67,71,31,52,67,67,40,67,59,70,68,58,64,67,83,79,78,76,81,66,60,63,52,68,36,30,68,69,59,73,36,27,25,12,10,11,15,11,,https://cdn.sofifa.com/flags/nz.png
242025,M. Kelly,Maegan Kelly,71,71,29,1992-02-19,164,70,SUB,14,Left,3,3,1,76,62,68,70,38,56,68,69,38,74,40,72,53,60,63,67,79,74,70,69,72,45,54,53,52,65,68,49,72,69,63,71,35,37,31,13,15,14,14,14,,https://cdn.sofifa.com/flags/ca.png
245892,J. Fife,Jenna Josephine Fife,71,76,25,1995-12-01,175,70,SUB,12,Left,2,1,1,,,,,,,11,10,13,28,6,7,15,16,17,11,25,28,40,70,60,53,61,32,30,9,22,12,7,69,17,31,11,15,11,67,71,70,66,76,26,https://cdn.sofifa.com/flags/gb-sct.png
246235,L. Staniforth,Lucy Elizabeth Staniforth,71,71,28,1992-10-02,157,54,SUB,21,Right,3,3,1,75,60,72,72,40,52,68,56,31,75,53,70,64,62,73,71,78,73,82,69,81,66,35,68,49,62,43,33,69,73,61,70,41,45,46,5,8,10,9,8,,https://cdn.sofifa.com/flags/gb-eng.png
250773,Luo Guiping,罗桂平,71,71,28,1993-04-20,168,63,SUB,22,Right,3,3,1,63,31,64,60,70,62,70,24,70,72,23,52,31,40,68,70,62,64,54,70,72,48,56,71,56,26,65,71,37,56,42,56,70,68,71,8,8,7,9,12,,https://cdn.sofifa.com/flags/cn.png
253469,É. De Almeida,Élisa De Almeida,71,79,23,1998-01-11,174,61,SUB,22,Right,2,2,1,61,23,53,57,74,62,27,15,71,77,21,46,20,23,70,70,64,58,42,70,87,39,65,61,60,22,68,74,30,42,32,56,75,74,73,13,9,11,9,9,,https://cdn.sofifa.com/flags/fr.png
254564,I. González,Itzel González Rodríguez,71,71,26,1994-08-14,172,65,SUB,12,Right,3,1,1,,,,,,,12,6,13,23,6,10,12,13,20,17,31,26,21,38,43,53,56,28,37,6,18,14,4,69,11,35,5,14,13,73,74,70,75,75,29,https://cdn.sofifa.com/flags/mx.png
261833,Joana Marchão,Joana Filipa Gaspar Marchão,71,76,24,1996-10-24,165,53,LB,5,Left,3,3,1,74,40,60,60,70,64,72,30,64,68,22,58,64,68,41,60,73,75,62,65,78,52,65,71,67,48,47,68,50,44,50,52,68,73,72,8,11,14,13,12,,https://cdn.sofifa.com/flags/pt.png
261844,Ana Capeta,Ana Inês Palma Capeta,71,80,23,1997-12-22,168,63,SUB,20,Right,3,4,1,70,71,57,68,19,63,65,72,72,70,68,69,52,50,35,70,72,68,60,70,73,72,69,72,71,70,30,13,70,47,70,60,12,14,12,7,6,12,10,13,,https://cdn.sofifa.com/flags/pt.png
261848,Inês Pereira,Inês Teixeira Pereira,71,79,22,1999-05-26,168,64,SUB,1,Right,3,1,1,,,,,,,12,7,12,25,9,11,14,13,22,16,34,26,27,69,44,56,58,20,37,8,19,10,8,25,11,36,8,13,13,69,72,74,71,68,31,https://cdn.sofifa.com/flags/pt.png
264630,J. Montoya,Joseline Montoya,71,80,20,2000-07-03,158,48,SUB,17,Right,3,3,1,80,63,69,73,32,38,72,63,27,75,58,75,71,71,69,72,79,81,81,56,78,66,52,77,21,60,29,35,59,55,64,54,26,37,34,14,10,7,6,7,,https://cdn.sofifa.com/flags/mx.png
243054,J. Orejel,Jocelyn Marie Orejel Tavares,70,74,24,1996-11-14,182,73,LCB,4,Right,2,2,1,37,27,45,40,69,78,24,25,73,65,26,30,24,23,60,43,34,39,45,69,64,36,74,61,85,23,82,67,22,30,40,52,65,72,68,14,13,17,13,14,,https://cdn.sofifa.com/flags/mx.png
245887,S. Lynn,Shannon Lynn,70,70,35,1985-10-22,175,58,SUB,23,Right,3,1,1,,,,,,,14,18,14,18,10,13,12,13,16,12,22,35,24,69,58,56,59,28,48,17,25,13,10,69,18,34,11,12,13,69,65,75,68,71,27,https://cdn.sofifa.com/flags/gb-sct.png
247531,C. Kvamme,Cecilie Redisch Kvamme,70,73,25,1995-09-11,158,56,RB,22,Right,2,2,1,67,33,59,64,68,61,68,25,65,72,41,60,61,35,51,68,68,66,61,69,88,52,58,71,56,26,61,65,52,39,33,56,70,70,68,8,7,10,12,11,,https://cdn.sofifa.com/flags/no.png
258915,E. Kullberg,Emma Kullberg,70,71,29,1991-09-25,170,63,SUB,3,Right,3,2,1,70,35,45,52,73,66,41,37,76,54,31,42,35,29,51,55,73,68,69,68,77,39,82,66,63,28,67,72,28,35,37,57,73,72,70,6,10,12,9,8,,https://cdn.sofifa.com/flags/se.png
261792,S. Van Belle,Shari Van Belle,70,78,21,1999-12-22,164,51,SUB,5,Right,4,3,1,65,25,50,61,69,54,70,23,68,65,24,51,26,34,28,67,68,63,81,68,80,22,64,68,48,25,49,70,49,30,37,50,66,72,70,14,14,10,12,12,,https://cdn.sofifa.com/flags/be.png
261793,A. Tysiak,Amber Tysiak,70,78,21,2000-01-26,177,70,SUB,4,Right,3,2,1,69,25,41,41,71,69,29,17,69,64,29,22,20,26,24,50,66,71,63,72,77,39,70,66,72,23,67,67,23,33,37,52,65,79,74,11,6,11,15,11,,https://cdn.sofifa.com/flags/be.png
261806,C. Tison,Charlotte Tison,70,76,23,1998-04-21,165,56,SUB,15,Right,3,2,1,74,27,47,57,71,66,32,20,69,67,21,44,24,29,59,64,74,74,72,72,82,48,75,67,60,20,75,70,26,29,38,52,68,74,72,13,5,10,13,6,,https://cdn.sofifa.com/flags/be.png
261849,Telma Encarnação,Telma Raquel Velosa Encarnaçao,70,78,19,2001-10-11,169,60,SUB,23,Right,3,3,1,71,69,59,65,25,62,61,70,75,72,66,65,57,50,43,66,70,72,59,72,71,68,68,62,69,69,42,21,73,50,72,52,22,15,18,6,12,7,8,8,,https://cdn.sofifa.com/flags/pt.png
261855,Kika Nazareth,Francisca Ramos Nazareth Sousa,70,82,18,2002-11-17,170,52,LS,16,Right,3,3,1,79,69,59,69,17,62,62,70,68,59,62,67,59,55,47,69,78,79,68,74,74,69,77,72,70,67,25,12,74,67,74,70,11,11,10,5,8,10,9,11,,https://cdn.sofifa.com/flags/pt.png
261857,Rute Costa,Ana Rute Campos Costa,70,73,27,1994-06-01,170,60,SUB,22,Right,3,1,1,,,,,,,12,9,15,23,9,8,11,14,26,12,33,18,25,70,44,50,58,25,35,7,29,11,10,32,11,31,10,13,12,69,74,66,63,72,27,https://cdn.sofifa.com/flags/pt.png
227141,A. Harrison,Amy Bianca Harrison,69,72,25,1996-04-21,171,58,SUB,23,Left,4,3,1,73,67,64,68,52,61,57,69,44,69,60,72,50,55,70,70,74,72,60,69,55,59,50,74,70,68,27,64,69,65,72,51,40,65,34,10,9,6,12,8,,https://cdn.sofifa.com/flags/au.png
241225,C. Ferral,Cristina Del Carmen Ferral Montalván,69,69,28,1993-02-16,165,57,SUB,14,Right,3,2,1,72,66,69,69,70,69,66,63,68,73,67,67,72,70,72,69,73,72,71,61,90,73,85,80,59,65,74,70,66,64,72,66,70,71,68,7,9,16,11,11,,https://cdn.sofifa.com/flags/mx.png
241286,B. Campos,Briana Marie Campos Barrientez,69,72,27,1994-02-03,160,60,SUB,18,Right,3,2,1,71,58,61,68,67,61,47,59,58,72,44,64,32,32,69,70,74,69,73,68,80,63,66,65,58,52,64,71,50,62,69,66,64,70,70,9,15,14,7,6,,https://cdn.sofifa.com/flags/mx.png
247536,T. Åsland,Therese Sessy Åsland,69,72,25,1995-08-26,160,60,SUB,13,Right,4,2,1,67,67,67,69,59,74,61,69,62,74,45,68,47,32,73,72,66,68,67,69,72,72,68,71,79,68,65,45,68,69,41,66,61,68,51,10,11,15,7,13,,https://cdn.sofifa.com/flags/no.png
248799,M. Fowler,Mary Fowler,69,86,18,2003-02-14,172,60,SUB,11,Left,3,3,1,74,70,55,75,25,50,31,72,65,67,60,79,54,42,61,75,75,73,68,62,75,75,60,65,50,65,31,16,68,58,58,59,21,25,19,7,14,6,8,14,,https://cdn.sofifa.com/flags/au.png
254997,D. Evangelista,Diana Laura Evangelista Chávez,69,72,26,1994-11-05,156,53,SUB,21,Right,3,4,1,68,74,61,70,39,52,50,77,57,68,70,72,69,67,50,71,73,63,65,51,70,75,70,68,50,70,31,25,75,63,59,70,33,53,20,10,7,10,5,13,,https://cdn.sofifa.com/flags/mx.png
255013,M. Cadena,Mariana Cadena Calvillo,69,74,26,1995-02-13,168,62,SUB,13,Right,3,2,1,67,39,48,51,70,69,29,35,71,64,42,33,43,37,63,73,68,66,49,66,68,41,66,71,68,42,72,68,40,32,42,60,70,70,70,5,13,7,10,9,,https://cdn.sofifa.com/flags/mx.png
256094,E. Cascarino,Estelle Cascarino,69,78,24,1997-02-05,161,52,SUB,17,Left,2,2,1,64,35,59,64,70,67,59,32,64,78,35,59,29,24,63,75,67,62,54,61,78,47,74,72,63,31,67,64,31,38,39,49,67,78,68,6,11,14,7,13,,https://cdn.sofifa.com/flags/fr.png
261811,L. Wajnblum,Lola Wajnblum,69,73,25,1996-01-22,161,59,SUB,3,Right,3,3,1,67,72,46,67,22,49,30,75,72,68,63,68,35,31,25,70,64,69,52,67,76,71,63,50,54,72,30,17,65,44,58,51,15,18,18,7,6,7,13,8,,https://cdn.sofifa.com/flags/be.png
261843,Andreia Jacinto,Andreia de Jesus Jacinto,69,79,19,2002-06-08,169,59,SUB,6,Right,3,3,1,69,46,67,67,63,67,65,44,48,72,32,67,45,46,70,69,68,70,66,75,74,55,72,75,70,40,48,78,58,69,50,49,49,74,58,11,10,6,12,15,,https://cdn.sofifa.com/flags/pt.png
261845,Andreia Faria,Andreia Martins Faria,69,79,21,2000-04-19,164,55,SUB,21,Right,3,3,1,67,61,66,66,60,57,52,63,58,74,42,65,47,46,72,68,66,68,57,74,80,62,52,59,58,60,55,68,65,70,49,50,50,68,56,14,12,15,12,12,,https://cdn.sofifa.com/flags/pt.png
261854,Alícia Correia,Alícia Lima Correia,69,81,18,2003-04-29,159,53,SUB,3,Left,3,3,1,72,41,53,61,68,60,68,42,59,60,25,58,34,32,42,60,75,70,74,66,81,41,62,68,60,40,47,71,55,42,42,50,63,73,66,13,7,11,9,15,,https://cdn.sofifa.com/flags/pt.png
262826,K. Rodríguez,Karina Rodríguez,69,77,22,1999-03-02,166,59,RCB,3,Left,3,2,1,72,38,43,48,71,71,30,30,69,57,17,32,42,46,53,62,71,73,57,50,70,62,81,67,72,37,71,68,16,21,53,59,70,76,71,9,11,14,5,9,,https://cdn.sofifa.com/flags/mx.png
264012,S. Smith,Sophia Smith,69,78,20,2000-08-10,165,62,SUB,27,Right,3,3,1,81,68,64,71,41,53,68,66,49,66,59,70,62,57,59,70,80,81,74,58,91,75,54,66,42,67,65,43,70,61,67,63,38,42,38,12,13,13,13,6,,https://cdn.sofifa.com/flags/us.png
264626,A. Rodríguez,Anika Rodríguez,69,73,24,1996-12-31,157,57,SUB,8,Right,3,3,1,76,66,65,71,60,53,68,68,44,70,65,74,67,59,63,65,78,74,74,64,83,68,64,79,38,60,56,63,66,57,59,61,59,63,59,10,7,6,7,11,,https://cdn.sofifa.com/flags/mx.png
233361,A. Phillips,Aimee Phillips,68,68,30,1991-05-06,158,55,SUB,11,Right,3,3,1,68,69,56,67,19,53,57,72,65,64,54,68,49,53,49,66,65,71,59,77,78,62,64,59,59,71,29,14,74,48,64,65,13,12,17,8,9,9,12,7,,https://cdn.sofifa.com/flags/nz.png
238279,P. Satchell,Paige Therese Satchell,68,75,23,1998-04-13,163,50,LS,19,Left,3,3,1,90,56,63,67,29,49,64,65,53,68,46,67,45,46,64,67,88,92,64,68,77,56,47,53,52,36,35,23,65,63,53,61,24,30,25,11,9,16,11,12,,https://cdn.sofifa.com/flags/nz.png
242027,J. Hellstrom,Jenna Hellstrom,68,68,26,1995-04-02,168,64,SUB,25,Right,3,3,1,79,57,58,72,45,58,64,65,41,65,48,75,46,41,52,72,80,79,67,67,73,51,46,58,62,51,52,43,56,51,52,57,46,47,42,9,7,7,8,9,,https://cdn.sofifa.com/flags/ca.png
250977,K. Roestbakken,Karly Roestbakken,68,84,20,2001-01-17,165,61,SUB,2,Right,4,2,1,74,31,50,67,66,59,58,36,50,62,22,64,34,27,50,70,76,73,72,64,80,24,67,62,54,25,64,70,41,32,38,53,63,72,69,14,6,12,10,12,,https://cdn.sofifa.com/flags/au.png
256117,C. Bunge,Claudia Mary Bunge,68,78,21,1999-09-21,173,63,SUB,16,Right,2,2,1,72,33,47,57,70,70,27,29,58,57,21,52,25,39,55,61,70,73,58,60,71,49,74,64,72,26,69,68,44,52,35,65,73,73,72,7,13,7,7,9,,https://cdn.sofifa.com/flags/nz.png
258940,G. Pettersen,Guro Pettersen,68,68,29,1991-08-22,175,67,SUB,12,Right,2,1,1,,,,,,,13,11,15,28,8,13,14,14,26,17,37,43,45,63,52,50,63,32,36,9,22,17,11,40,17,35,16,18,17,69,66,67,64,69,39,https://cdn.sofifa.com/flags/no.png
261113,M. Villeda,Melany Aylin Villeda Medina,68,78,19,2001-10-25,165,55,SUB,22,Right,3,1,1,,,,,,,11,9,11,21,9,14,13,11,22,13,31,22,36,45,42,50,61,16,35,5,22,13,8,31,17,33,6,10,11,70,68,66,69,72,27,https://cdn.sofifa.com/flags/mx.png
261802,I. Iliano,Isabelle Iliano,68,73,24,1997-03-02,170,58,SUB,17,Left,3,3,1,66,24,46,54,67,53,65,21,60,57,25,45,28,27,25,59,69,64,59,72,72,23,59,63,48,26,51,65,45,35,30,49,67,70,69,13,12,9,10,7,,https://cdn.sofifa.com/flags/be.png
261804,D. Lemey,Diede Lemey,68,72,24,1996-10-07,170,58,SUB,12,Right,3,1,1,,,,,,,12,6,10,25,6,6,12,10,25,15,23,27,29,66,42,52,61,18,35,6,25,11,5,37,19,28,6,13,13,67,66,69,66,70,25,https://cdn.sofifa.com/flags/be.png
261807,M. Coutereels,Maud Coutereels,68,68,35,1986-05-21,170,58,SUB,29,Right,3,2,1,55,27,59,55,72,59,47,23,62,68,24,43,21,47,71,68,56,55,48,62,70,34,52,53,58,23,70,75,34,58,38,74,76,71,66,6,13,12,10,7,,https://cdn.sofifa.com/flags/be.png
261858,Catarina Amado,Catarina Isabel Silva Amado,68,78,21,1999-07-21,165,55,SUB,2,Right,3,3,1,72,58,61,66,63,54,70,60,58,69,39,65,43,44,67,69,73,72,63,65,75,62,57,65,53,57,44,62,54,44,48,48,61,66,68,9,12,13,10,10,,https://cdn.sofifa.com/flags/pt.png
243875,S. Morton,Sarah Morton,67,74,22,1998-08-28,166,58,SUB,15,Right,3,2,1,65,37,57,58,70,62,52,39,64,66,28,57,46,35,57,55,69,61,60,66,76,35,71,58,61,32,68,68,54,52,40,54,74,68,74,15,11,7,15,11,,https://cdn.sofifa.com/flags/nz.png
244890,A. Mikalsen,Aurora Watten Mikalsen,67,72,25,1996-03-21,175,65,SUB,28,Left,1,1,1,,,,,,,13,8,13,24,9,5,10,13,26,10,31,28,39,63,46,48,62,31,44,8,16,6,6,60,17,41,9,10,10,67,66,64,66,69,30,https://cdn.sofifa.com/flags/no.png
254489,N. Stratford,Nicole Ellen Stratford,67,67,32,1989-02-01,177,68,SUB,6,Right,2,2,1,57,25,44,47,67,72,35,19,65,57,20,36,36,33,44,53,58,57,53,62,73,46,72,64,76,16,72,64,21,34,37,50,65,70,69,14,8,12,12,5,,https://cdn.sofifa.com/flags/nz.png
264233,J. Blakstad,Julie Blakstad,67,84,19,2001-08-27,175,60,LB,23,Left,3,3,1,71,58,63,69,57,57,66,58,53,66,46,69,66,69,56,69,73,70,72,63,81,64,63,72,49,57,55,58,61,56,50,51,55,60,56,8,12,10,12,7,,https://cdn.sofifa.com/flags/no.png
264627,M. Delgadillo,Myra Delgadillo,67,70,25,1995-12-08,175,60,SUB,9,Right,3,2,1,70,69,62,70,29,51,64,69,73,66,62,71,61,50,62,67,72,69,74,66,76,79,59,59,44,63,58,27,58,57,70,59,29,20,19,7,8,13,11,6,,https://cdn.sofifa.com/flags/mx.png
243421,S. Skilton,Stephanie Skilton,66,66,26,1994-10-27,175,66,SUB,18,Right,2,3,1,71,65,56,67,64,59,66,68,67,61,52,67,42,38,48,65,74,69,68,69,76,64,63,66,67,59,28,66,68,52,67,66,65,61,59,13,13,10,14,15,,https://cdn.sofifa.com/flags/nz.png
248751,T. Micah,Teagan Jade Micah,66,75,23,1997-10-20,176,78,SUB,12,Right,2,1,1,,,,,,,12,8,9,19,5,9,12,10,26,18,30,23,28,39,51,52,47,37,40,8,32,7,4,31,14,26,8,13,11,68,65,69,72,70,27,https://cdn.sofifa.com/flags/au.png
256208,D. García,Diana Laura García Castillo,66,76,21,1999-11-11,167,57,SUB,19,Right,3,2,1,70,58,64,69,43,39,65,69,40,70,51,72,63,66,67,72,72,68,58,47,84,52,48,59,31,45,31,44,50,48,57,46,29,55,52,13,11,8,5,8,,https://cdn.sofifa.com/flags/mx.png
256251,M. van der Meer,Marisa Isabel Van Der Meer,66,78,19,2002-03-27,167,60,SUB,20,Left,2,2,1,71,38,61,62,62,56,66,39,52,68,34,60,37,40,64,64,68,74,60,63,76,34,62,57,53,33,59,63,62,52,45,54,61,64,62,13,9,13,6,6,,https://cdn.sofifa.com/flags/nz.png
261799,H. Eurlings,Hannah Eurlings,66,81,18,2003-01-01,170,58,SUB,7,Right,3,4,1,71,63,65,72,31,49,61,67,58,70,51,72,57,57,66,70,76,66,81,62,80,56,67,52,53,65,31,21,60,65,65,58,30,28,34,10,11,6,12,5,,https://cdn.sofifa.com/flags/be.png
261856,Ana Dias,Ana Inês Costa Mendes Dias,66,75,23,1997-10-02,171,60,SUB,17,Right,3,3,1,75,67,51,63,16,60,40,68,66,60,57,60,45,48,38,64,74,75,68,64,70,67,74,68,67,66,28,11,65,58,69,60,10,10,12,12,6,11,6,10,,https://cdn.sofifa.com/flags/pt.png
263000,G. Rennie,Gabi Rennie,66,79,19,2001-07-07,168,64,SUB,23,Right,2,2,1,72,69,55,67,35,51,54,72,60,60,58,68,51,49,55,68,74,71,68,55,68,67,64,57,54,69,34,34,66,52,60,54,33,31,27,9,7,6,5,15,,https://cdn.sofifa.com/flags/nz.png
262867,C. Nevin,Courtney Nevin,62,77,19,2002-02-12,168,65,SUB,21,Left,3,2,1,71,25,52,57,55,53,62,22,46,58,24,51,32,28,54,58,72,70,73,53,81,28,55,65,44,20,61,51,46,41,32,50,46,67,65,9,11,13,12,7,,https://cdn.sofifa.com/flags/au.png
262868,C. Grant,Charlotte Grant,60,75,19,2001-09-20,172,70,SUB,14,Right,2,2,1,68,29,49,58,56,59,44,30,40,58,26,56,36,34,56,58,70,67,62,58,75,24,57,59,62,26,54,60,44,41,33,52,51,62,60,7,14,11,7,14,,https://cdn.sofifa.com/flags/au.png
